Grower,Year,FieldName,Crop,Weight_lbs,Volume_bu,Yield_buac,Use,Field_monitor,Crop_monitor,Area_ha_monitor,Mass_t_monitor,Yield_tha_monitor
202204 SHANE STROEDER,2022,Allans east,Canola,283251,,NA,TRUE,Allans east,Canola,49.73311006,104.0672095,2.092513606
202204 SHANE STROEDER,2022,Allans west,Canola,282357,,NA,TRUE,Allans west,Canola,47.29001741,100.250272,2.11990347
202204 SHANE STROEDER,2022,Behind Cicels,Canola,582865,,NA,TRUE,Behind Cicels,Canola,87.52767944,173.3529008,1.980549489
202204 SHANE STROEDER,2022,Bobs Deeds,Durum,537549,,NA,TRUE,Bobs Deeds,Mustard,37.4597482,145.6130038,3.887185867
202204 SHANE STROEDER,2022,Bobs East Half,Durum,1053851,,NA,TRUE,Bobs East Half,Mustard,106.0451661,398.1544793,3.754574527
202204 SHANE STROEDER,2022,Bobs home,Durum,1167007,,NA,TRUE,Bobs home,Mustard,88.39928095,351.6036301,3.977448982
202204 SHANE STROEDER,2022,Burgers,Canola,1352878,,NA,TRUE,Burgers,Canola,244.0618648,483.5835119,1.981397267
202204 SHANE STROEDER,2022,Cicels east,Canola,271802,,NA,TRUE,Cicels east,Canola,44.52598077,88.82941681,1.995001913
202204 SHANE STROEDER,2022,Cicels home half,Canola,462424,,NA,TRUE,Cicels home half,Canola,71.85012437,137.4807715,1.913438184
202204 SHANE STROEDER,2022,Fats oil bin,Durum,1003980,,NA,TRUE,Fats oil bin,Mustard,81.89077203,352.3881974,4.303149044
202204 SHANE STROEDER,2022,Herbs,Canola,426483,,NA,TRUE,Herbs,Canola,81.01314429,146.6226341,1.809862281
202204 SHANE STROEDER,2022,Home half,Durum,701701,,NA,TRUE,Home half,Mustard,73.06999528,236.7663479,3.240267733
202204 SHANE STROEDER,2022,Kenny 60acre,Durum,143660,,NA,TRUE,NA,NA,NA,NA,NA
202204 SHANE STROEDER,2022,Kennys East,Durum,1240351,,NA,TRUE,Kennys East,Mustard,156.5655666,420.3273672,2.684673114
202204 SHANE STROEDER,2022,Klaybos,Durum,NA,,NA,TRUE,Klaybos,Mustard,0.022919901,0.029705972,1.296077686
202204 SHANE STROEDER,2022,L field,Durum,1799406,,NA,TRUE,L field,Mustard,127.1077005,552.4685975,4.346460486
202204 SHANE STROEDER,2022,Lloyds east,Canola,139269,,NA,TRUE,Lloyds east,Canola/Mustard,42.55148506,55.4784959,1.303796937
202204 SHANE STROEDER,2022,Lloyds home,Canola,150426,,NA,TRUE,Lloyds home,Canola,46.24399901,67.00343189,1.448910849
202204 SHANE STROEDER,2022,Lloyds nw,Canola,175415,,NA,TRUE,Lloyds nw,Canola/Mustard,41.52240776,57.23779953,1.37847978
202204 SHANE STROEDER,2022,Lornas north,Canola,826215,,NA,TRUE,Lornas north,Canola,120.5060559,284.068726,2.357298343
202204 SHANE STROEDER,2022,Lornas South,Canola,764701,,NA,TRUE,Lornas South,Canola,102.0462473,229.337262,2.247385553
202204 SHANE STROEDER,2022,Mesabi,Durum,2466119,,NA,TRUE,Mesabi,Mustard,182.250043,765.3183983,4.199276915
202204 SHANE STROEDER,2022,Murhheads north,Mustard,216342,,NA,TRUE,Murhheads north,Mustard/Spring Barley,45.65209064,81.74494228,1.790606764
202204 SHANE STROEDER,2022,Murhheads south,Mustard,253028,,NA,TRUE,Murhheads south,Mustard,45.2059996,77.81328018,1.721304271
202204 SHANE STROEDER,2022,Murhheads west,Mustard,221718,,NA,TRUE,Murhheads west,Mustard,45.384723,78.91540914,1.738809976
202204 SHANE STROEDER,2022,North of Food Grains,Durum,1143235,,NA,TRUE,North of Food Grains,Mustard,109.6181888,488.7195067,4.458379689
202204 SHANE STROEDER,2022,Parns,Durum,970408,,NA,TRUE,Parns,Canola,140.6565967,304.4922816,2.164792044
202204 SHANE STROEDER,2022,Phylis section 10,Durum,1431149,,NA,TRUE,Phylis section 10,Mustard,136.2204181,497.138629,3.649516247
202204 SHANE STROEDER,2022,Ratcliff,Durum,369478,,NA,TRUE,Ratcliff,Mustard,39.27257652,175.5901341,4.471062243
202204 SHANE STROEDER,2022,School land,Durum,814226,,NA,TRUE,School land,Mustard,70.809074,239.3356045,3.380013196
202204 SHANE STROEDER,2022,South east Giebs,Canola,122158,,NA,TRUE,South east Giebs,Canola,34.25465322,54.7896216,1.599479675
202204 SHANE STROEDER,2022,South Giebs,Canola,245814,,NA,TRUE,South Giebs,Canola,36.00202727,71.43316815,1.984142938
202204 SHANE STROEDER,2022,Franklins by lornas,Barley,1040213,,NA,TRUE,Franklins by lornas,Spring Barley,61.70707134,348.2448684,5.643516388
202204 SHANE STROEDER,2022,Franklins Half pump,Barley,1389305,,NA,TRUE,Franklins Half pump,Spring Barley,74.61759701,383.8534148,5.144274678
202204 SHANE STROEDER,2022,Franklins single,Barley,684163,,NA,TRUE,Franklins single,Spring Barley,49.51044339,252.7904493,5.105800555
202204 SHANE STROEDER,2022,Harry L,Canola,NA,,NA,TRUE,NA,NA,NA,NA,NA
202204 SHANE STROEDER,2022,Johnsons,Durum,NA,,NA,TRUE,NA,NA,NA,NA,NA
202204 SHANE STROEDER,2022,Kennys Home,Durum,1436246,,NA,TRUE,Kennys Home,Mustard,180.3219416,437.6075029,2.426812284
202204 SHANE STROEDER,2022,Kennys SE,Durum,743401,,NA,TRUE,Kennys SE,Mustard,75.94310423,250.0977102,3.293224747
202204 SHANE STROEDER,2022,Kevins,Durum,928283,,NA,TRUE,Kevins,Mustard,110.6686138,364.9105996,3.29732692
202204 SHANE STROEDER,2022,McNeils,Mustard,683006,,NA,TRUE,McNeils,Mustard,134.7125972,217.0829546,1.611452523
202204 SHANE STROEDER,2022,Melbys Single,Canola,372427,,NA,TRUE,Melbys Single,Canola,49.4297445,114.1538014,2.309415161
202204 SHANE STROEDER,2022,North of Kens nw34,Canola,353364,,NA,TRUE,North of Kens nw34,Canola,76.73723732,133.3504968,1.737754725
202204 SHANE STROEDER,2022,North of kens nw35,Canola,402470,,NA,TRUE,North of kens nw35,Canola,79.27526496,141.1685885,1.78073941
202204 SHANE STROEDER,2022,Ushers Yard,Canola,646247,,NA,TRUE,Ushers Yard,Canola,87.65325178,199.8285993,2.279762533
202221 ABERHART FARMS INC,2022,15,Wheat,NA,8946,63.9,TRUE,15,Corn/Spring Wheat/Spring Oats,62.8787231,253.3473647,4.029142963
202221 ABERHART FARMS INC,2021,24,Peas,NA,4171,27.26,TRUE,24,Other,56.35189662,69.39588449,1.231473804
202221 ABERHART FARMS INC,2022,24,Canola,NA,7497,49,TRUE,24,Canola,41.88233242,103.6014984,2.473632494
202221 ABERHART FARMS INC,2022,15 Breaking,Oats,NA,1942.2,107.9,TRUE,NA,NA,NA,NA,NA
202221 ABERHART FARMS INC,2021,25 Creek,Barley,NA,14232,59.55,TRUE,25 Creek,Spring Barley,92.67078962,292.0714688,3.151710156
202221 ABERHART FARMS INC,2022,25 Creek,Canola,NA,11684.1,49.3,TRUE,25 Creek,Canola,83.35107228,196.8365345,2.36153572
202221 ABERHART FARMS INC,2022,Altmans L,Wheat,NA,29876,67.9,TRUE,Altmans L,Spring Barley/Winter Wheat,178.6687747,742.597157,4.156278331
202221 ABERHART FARMS INC,2021,Barrys,Canola,NA,11124,36,TRUE,Barrys,Canola,125.9898796,204.8345241,1.625801412
202221 ABERHART FARMS INC,2022,Barrys,Wheat,NA,18894,67,TRUE,Barrys,Spring Barley/Corn/Winter Wheat,115.8732822,471.686963,4.070713748
202221 ABERHART FARMS INC,2022,Bennett Half,Canola,NA,11307.2,38.2,TRUE,NA,NA,NA,NA,NA
202221 ABERHART FARMS INC,2021,Bills,Canola,NA,6685,41.01,TRUE,Bills,Canola,65.18429477,125.7459671,1.9290838
202221 ABERHART FARMS INC,2022,Bills,Wheat,NA,8976,56.1,TRUE,Bills,Winter Wheat,62.80163133,216.2677742,3.443664912
202221 ABERHART FARMS INC,2021,Bobs Half,Canola,NA,9875,47.71,TRUE,Bobs Half,Canola,85.93315793,182.9263325,2.128704879
202221 ABERHART FARMS INC,2021,Border Quarter,Canola,NA,3988,34.09,TRUE,Border Quarter,Canola,48.88226974,68.6413385,1.404217498
202221 ABERHART FARMS INC,2022,Border Quarter,Canola,NA,4637.4,39.3,TRUE,Border Quarter,Canola,46.25712035,96.39807104,2.083961784
202221 ABERHART FARMS INC,2022,Brent Half,Barley,NA,29334.7,125.9,TRUE,Brent Half,Spring Barley,95.02004114,624.4006281,6.571251923
202221 ABERHART FARMS INC,2021,Brians Half,Canola,NA,10702,50.01,TRUE,Brians Half,Canola,87.7759656,210.4724538,2.397836952
202221 ABERHART FARMS INC,2022,Brians Half,Barley,NA,21294,101.4,TRUE,Brians Half,Spring Barley,63.0688133,312.1155548,4.948809696
202221 ABERHART FARMS INC,2021,Bush Quarter,Barley,NA,8881,55.16,TRUE,Bush Quarter,Spring Barley,62.23978247,200.0037038,3.213438349
202221 ABERHART FARMS INC,2022,Bush Quarter,Canola,NA,NA,NA,TRUE,NA,NA,NA,NA,NA
202221 ABERHART FARMS INC,2021,Carls,Canola,NA,3967,33.34,TRUE,Carls,Canola,47.45892144,70.97429141,1.495488925
202221 ABERHART FARMS INC,2022,Carls,Wheat,NA,6408,53.4,TRUE,Carls,Winter Wheat,44.75776225,157.7068839,3.523564984
202221 ABERHART FARMS INC,2021,Cliff,Peas,NA,7348,33.1,TRUE,Cliff,Other,85.58526691,122.4228338,1.43041949
202221 ABERHART FARMS INC,2022,Cliff,Canola,NA,10966.8,49.4,TRUE,Cliff,Canola,87.44652296,211.854094,2.422670299
202221 ABERHART FARMS INC,2021,Dad Quarter,Wheat,NA,7919,48.29,TRUE,Dad Quarter,Winter Wheat,65.64687956,222.2247814,3.385153762
202221 ABERHART FARMS INC,2022,Dad Quarter,Canola,NA,7331.5,47.3,TRUE,Dad Quarter,Canola,62.55712875,160.0878357,2.559066232
202221 ABERHART FARMS INC,2021,Dancing East,Canola,NA,2683,22.74,TRUE,Dancing East,Canola,46.93346097,48.03559242,1.023482851
202221 ABERHART FARMS INC,2022,Dancing East,Oats,NA,13700.7,117.1,TRUE,Dancing East,Spring Oats,42.90876691,183.1720366,4.268872069
202221 ABERHART FARMS INC,2021,Dancing Half,Canola,NA,6683,32.13,TRUE,Dancing Half,Canola,87.38287928,107.4828252,1.230021557
202221 ABERHART FARMS INC,2022,Dancing Half,Oats,NA,26708,121.4,TRUE,Dancing Half,Spring Oats,82.16534258,378.4064376,4.605426396
202221 ABERHART FARMS INC,2022,Dancing L Block,Oats,NA,24567.2,114.8,TRUE,Dancing L Block,Spring Oats,76.87128655,312.3642598,4.06347121
202221 ABERHART FARMS INC,2022,Dancing L Block Breaking,Canola,NA,3234,33,TRUE,NA,,NA,NA,NA
202221 ABERHART FARMS INC,2022,Dancing West,Oats,NA,14854.2,130.3,TRUE,Dancing West,Spring Oats,43.74368017,200.1183064,4.574793561
202221 ABERHART FARMS INC,2021,Daryl Home Sec,Canola,NA,22848,38.53,TRUE,Daryl Home Sec,Canola,241.8646284,436.151109,1.803286044
202221 ABERHART FARMS INC,2022,Daryl Home Sec,Wheat,NA,35460,59.1,TRUE,Daryl Home Sec,Winter Wheat,226.3275997,862.0636938,3.80891988
202221 ABERHART FARMS INC,2021,David,Barley,NA,18669,63.72,TRUE,NA,NA,NA,NA,NA
202221 ABERHART FARMS INC,2022,David Manitoba Half,Canola,NA,10590.3,36.9,TRUE,David Manitoba Half,Canola,103.4389873,203.040432,1.962900422
202221 ABERHART FARMS INC,2021,Davids and Hermans S,Barley,NA,33486,63.18,TRUE,Davids and Hermans S,Spring Barley,205.5839847,795.8824625,3.871325209
202221 ABERHART FARMS INC,2022,Davids and Hermans S,Canola,NA,20736,40.5,TRUE,Davids and Hermans S,Canola,170.7676241,366.6597143,2.147126637
202221 ABERHART FARMS INC,2021,Decock Home Half,Wheat,NA,11991,50.38,TRUE,Decock Home Half,Winter Wheat,95.55701645,334.6107452,3.501686822
202221 ABERHART FARMS INC,2022,Decock Home Half,Canola,NA,11178,48.6,TRUE,Decock Home Half,Canola,92.57845067,240.4659904,2.597429409
202221 ABERHART FARMS INC,2021,Ditch Field,Peas,NA,7119,46.84,TRUE,Ditch Field,Other,60.61601777,149.1180295,2.460043319
202221 ABERHART FARMS INC,2022,Ditch Field,Canola,NA,6246.5,40.3,TRUE,Ditch Field,Canola,59.73934694,126.6417476,2.119905123
202221 ABERHART FARMS INC,2022,Dwayne Home Sec,Wheat,NA,37018.2,59.9,TRUE,Dwayne Home Sec,Spring Wheat,235.4610348,873.0013954,3.707625749
202221 ABERHART FARMS INC,2021,Dwayne North Sec,Canola,NA,21814,33.56,TRUE,Dwayne North Sec,Canola,266.2213305,402.7549007,1.512857365
202221 ABERHART FARMS INC,2022,Dwayne North Sec,Wheat,NA,37224.8,58.9,TRUE,Dwayne North Sec,Spring Wheat,252.8376753,858.5381155,3.395609908
202221 ABERHART FARMS INC,2022,Elevator Half,Canola,NA,12612.6,42.9,TRUE,Elevator Half,Canola,116.2861392,265.5154885,2.283294383
202221 ABERHART FARMS INC,2021,Ellinghams,Canola,NA,6057,39.08,TRUE,Ellinghams,Canola,63.42251013,124.2881071,1.959684454
202221 ABERHART FARMS INC,2022,Ellinghams,Wheat,NA,8803.3,58.3,TRUE,Ellinghams,Spring Wheat,60.10549901,223.7090881,3.721940451
202221 ABERHART FARMS INC,2021,Garths Home,Canola,NA,5495,43.27,TRUE,NA,,NA,NA,NA
202221 ABERHART FARMS INC,2022,Garths Home,Barley,NA,13773.8,112.9,TRUE,NA,,NA,NA,NA
202221 ABERHART FARMS INC,2021,Garths Old Quarter,Canola,NA,7549,47.18,TRUE,Garths Old Quarter,Canola,45.48074569,98.85576177,2.1735739
202221 ABERHART FARMS INC,2022,Garths Old Quarter,Barley,NA,15942.2,100.9,TRUE,Garths Old Quarter,Spring Barley/Winter Wheat/Corn,16.45287474,88.523164,5.380407097
202221 ABERHART FARMS INC,2021,Gerber's,Barley,NA,9331,60.2,TRUE,Gerber's,Spring Barley,63.34952375,221.1653674,3.491192266
202221 ABERHART FARMS INC,2022,Gerber's,Canola,NA,6116.297,40.7753,TRUE,NA,NA,NA,NA,NA
202221 ABERHART FARMS INC,2021,Gopherville Block,Canola,NA,21769,46.02,TRUE,Gopherville Block,Canola,193.1741084,399.015737,2.065575663
202221 ABERHART FARMS INC,2022,Gopherville Block,Peas,NA,24542.2,55.4,TRUE,Gopherville Block,Other,173.6524695,631.6568012,3.637476638
202221 ABERHART FARMS INC,2021,Gordon Home Half,Peas,NA,9580,38.17,TRUE,Gordon Home Half,Other,93.31799179,214.7086485,2.300828001
202221 ABERHART FARMS INC,2022,Gordon Home Half,Canola,NA,10050,40.2,TRUE,Gordon Home Half,Canola,83.79875545,211.5388123,2.524366993
202221 ABERHART FARMS INC,2021,Goudys Home South,Wheat,NA,23026,53.799,TRUE,Goudys Home South,Spring Wheat,172.1416792,658.9183876,3.827767864
202221 ABERHART FARMS INC,2022,Goudys Home South,Canola,NA,19702.8,46.8,TRUE,Goudys Home South,Canola,171.0132628,395.0524061,2.310068819
202221 ABERHART FARMS INC,2021,Goudys North Section,Wheat,NA,31462,49.47,TRUE,Goudys North Section,Spring Wheat,258.6720693,866.7390578,3.350725341
202221 ABERHART FARMS INC,2022,Goudys North Section,Canola,NA,24948,42,TRUE,Goudys North Section,Canola,240.3995455,499.0361627,2.075861506
202221 ABERHART FARMS INC,2021,Gravel Pile,Canola,NA,10697,46.71,TRUE,Gravel Pile,Canola,76.70263257,173.4015572,2.260698901
202221 ABERHART FARMS INC,2022,Gravel Pile,Wheat,NA,12319.5,57.3,TRUE,Gravel Pile,Winter Wheat,88.58997665,304.9934344,3.442753299
202221 ABERHART FARMS INC,2021,Gus,Wheat,NA,6640,41.76,TRUE,Gus,Spring Wheat,62.69397125,193.1209154,3.080374581
202221 ABERHART FARMS INC,2022,Gus,Canola,NA,6436.8,43.2,TRUE,Gus,Canola,59.39754235,139.586668,2.350041137
202221 ABERHART FARMS INC,2021,Harrowby Quarter,Barley,NA,8561,74.44,TRUE,NA,,NA,NA,NA
202221 ABERHART FARMS INC,2022,Harrowby Quarter,Canola,NA,NA,NA,TRUE,NA,NA,NA,NA,NA
202221 ABERHART FARMS INC,2021,Hay Plant,Canola,NA,21246,44.73,TRUE,Hay Plant,Canola,196.9788301,392.7578203,1.993908787
202221 ABERHART FARMS INC,2022,Hay Plant,Barley,NA,56246.2,120.7,TRUE,Hay Plant,Spring Barley,189.0076851,1218.724078,6.448013358
202221 ABERHART FARMS INC,2021,Home Block,Peas,NA,9894,31.21,TRUE,Home Block,Other/Spring Barley,118.778775,195.4213344,1.645254671
202221 ABERHART FARMS INC,2022,Home Block,Canola,NA,15812,47.2,TRUE,Home Block,Canola,122.9606644,283.0090886,2.301622962
202221 ABERHART FARMS INC,2021,Joe's,Canola,NA,5711,35.25,TRUE,Joe's,Canola,66.84130228,114.5942451,1.714422688
202221 ABERHART FARMS INC,2022,Joe's,Wheat,NA,9168,57.3,TRUE,Joe's,Spring Wheat,64.28044298,211.6683488,3.29288877
202221 ABERHART FARMS INC,2021,Johnson Marchwell,Peas,NA,5386,32.64,TRUE,Johnson Marchwell,Other,64.35075083,126.5986276,1.967321685
202221 ABERHART FARMS INC,2022,Johnson Marchwell,Canola,NA,8910,54,TRUE,Johnson Marchwell,Canola,65.77024479,177.6445336,2.700986353
202221 ABERHART FARMS INC,2022,Jonnys,Canola,NA,NA,NA,TRUE,NA,NA,NA,NA,NA
202221 ABERHART FARMS INC,2021,Kammameyer Half,Wheat,NA,14527,47.01,TRUE,Kammameyer Half,Winter Wheat/Spring Wheat,125.9729788,412.556265,3.274958398
202221 ABERHART FARMS INC,2022,Kammameyer Half,Canola,NA,13680,45.6,TRUE,Kammameyer Half,Canola,119.5018428,290.7292233,2.432843012
202221 ABERHART FARMS INC,2021,Ken home,Peas,NA,5419,39.55,TRUE,Ken home,Other,52.87238621,105.8030604,2.001102428
202221 ABERHART FARMS INC,2022,Ken home,Canola,NA,5699.2,41.6,TRUE,Ken home,Canola,53.76451635,117.5359559,2.186125047
202221 ABERHART FARMS INC,2022,Kilman Sign,Canola,NA,6471.9,45.9,TRUE,Kilman Sign,Canola,59.02920223,141.252123,2.392919396
202221 ABERHART FARMS INC,2021,Lake Half,Wheat,NA,14213,54.67,TRUE,Lake Half,Spring Wheat,93.45135699,371.151901,3.97160526
202221 ABERHART FARMS INC,2022,Lake Half,Canola,NA,12699,49.8,TRUE,Lake Half,Canola,102.4750731,251.9990842,2.459125683
202221 ABERHART FARMS INC,2021,Mac Home,Canola,NA,5096,40.77,TRUE,Mac Home,Canola,53.50593636,92.79513003,1.734295974
202221 ABERHART FARMS INC,2022,Mac Home,Wheat,NA,8921.6,69.7,TRUE,Mac Home,Winter Wheat,48.21669223,200.2040909,4.152173896
202221 ABERHART FARMS INC,2021,Mac L Field,Canola,NA,22079,39.93,TRUE,Mac L Field,Canola,230.1893128,372.1021417,1.616504855
202221 ABERHART FARMS INC,2022,Mac L Field,Wheat,NA,40567.8,74.3,TRUE,Mac L Field,Winter Wheat/Spring Wheat,217.222637,934.5057034,4.302064077
202221 ABERHART FARMS INC,2021,Mitschke Section,Wheat,NA,27800,43.37,TRUE,NA,,NA,NA,NA
202221 ABERHART FARMS INC,2022,Mitschke Section,Canola,NA,28892,46.6,TRUE,NA,,NA,NA,NA
202221 ABERHART FARMS INC,2021,Nerbas Quarter,Peas,NA,3542,23,TRUE,Nerbas Quarter,Other,55.16000249,61.86532749,1.121561361
202221 ABERHART FARMS INC,2022,Nerbas Quarter,Canola,NA,6338.4,41.7,TRUE,Nerbas Quarter,Canola,59.18165053,134.121012,2.266260079
202221 ABERHART FARMS INC,2021,Orchard Quarter,Wheat,NA,4041,28.86,TRUE,Orchard Quarter,Spring Wheat,45.33003608,152.0512106,3.354314793
202221 ABERHART FARMS INC,2022,Orchard Quarter,Canola,NA,6260.9,45.7,TRUE,Orchard Quarter,Canola,54.53271384,130.0077928,2.384033063
202221 ABERHART FARMS INC,2021,Philips Quarter,Peas,NA,5167,32.7,TRUE,Philips Quarter,Other,49.51934944,66.30884136,1.339049121
202221 ABERHART FARMS INC,2022,Philips Quarter,Canola,NA,7797.6,51.3,TRUE,Philips Quarter,Canola,61.9946944,166.1066087,2.679368134
202221 ABERHART FARMS INC,2021,Railway Field,Canola,NA,1725,26.54,TRUE,Railway Field,Canola,26.86839125,30.32025835,1.128473159
202221 ABERHART FARMS INC,2022,Railway Field,Oats,NA,7644,117.6,TRUE,Railway Field,Spring Oats,22.47916997,97.57497866,4.340684232
202221 ABERHART FARMS INC,2022,Railway Breaking,Canola,NA,1562.1,38.1,TRUE,Railway Breaking,Canola,14.61863849,30.00932471,2.05281256
202221 ABERHART FARMS INC,2021,Ron Home,Canola,NA,6299,44.36,TRUE,Ron Home,Canola,58.92307326,117.5997347,1.995818076
202221 ABERHART FARMS INC,2022,Ron Home,Barley,NA,14350.5,106.3,TRUE,Ron Home,Spring Barley,55.03495401,293.2324328,5.328112616
202221 ABERHART FARMS INC,2021,Ron North Half,Canola,NA,10591,47.92,TRUE,Ron North Half,Canola,92.3706216,207.1610377,2.24271564
202221 ABERHART FARMS INC,2022,Ron North Half,Barley,NA,21534.3,101.1,TRUE,Ron North Half,Spring Barley,85.198795,427.1801987,5.013923011
202221 ABERHART FARMS INC,2021,Russin L Field,Canola,NA,16196,34.83,TRUE,Russin L Field,Canola,197.6275881,296.1961671,1.498759207
202221 ABERHART FARMS INC,2022,Russin L Field,Wheat,NA,35572.5,76.5,TRUE,Russin L Field,Winter Wheat,187.1676808,894.3388458,4.778276047
202221 ABERHART FARMS INC,2021,Russin South Half,Canola,NA,11271,37.08,TRUE,Russin South Half,Canola,126.0055177,197.5022684,1.567409681
202221 ABERHART FARMS INC,2022,Russin South Half,Wheat,NA,23462.4,83.2,TRUE,Russin South Half,Spring Oats/Winter Wheat/Spring Wheat,116.8442225,555.7718314,4.756519574
202221 ABERHART FARMS INC,2021,Town Half,Wheat,NA,12198,46.92,TRUE,Town Half,Spring Wheat,102.5646491,365.3263508,3.561912939
202221 ABERHART FARMS INC,2022,Town Half,Canola,NA,11865.7,46.9,TRUE,Town Half,Canola,98.61233307,244.2802427,2.477177398
202221 ABERHART FARMS INC,2021,Waynes Quarter,Wheat,NA,12041,74.33,TRUE,Waynes Quarter,Spring Wheat,46.17189485,184.3812312,3.993365051
202221 ABERHART FARMS INC,2022,Waynes Quarter,Canola,NA,6645,44.3,TRUE,Waynes Quarter,Canola,61.1180719,136.5859022,2.234787485
202221 ABERHART FARMS INC,2022,West of 482,Canola,NA,15665.1,51.7,TRUE,West of 482,Canola,122.6877956,325.3324506,2.651709969
202221 ABERHART FARMS INC,2021,West of Kilman Sign,Wheat,NA,10401,43.34,TRUE,West of Kilman Sign,Spring Wheat,96.30575802,309.9769361,3.218675004
202221 ABERHART FARMS INC,2022,West of Kilman Sign,Canola,NA,11425.7,51.7,TRUE,West of Kilman Sign,Canola,88.80341294,251.1018681,2.827615064
202221 ABERHART FARMS INC,2022,West Place ,Wheat,NA,8947.4,58.1,TRUE,NA,,NA,NA,NA
202231 HILLSBORO FARMS,2018,F1 S S11,Spring Wheat,746610.7917,,41.47841494,TRUE,F1 S S11,Wheat - Sft Rd Wtr,60.66358339,381.1562566,6.283114766
202231 HILLSBORO FARMS,2018,F10 SW05,Peas,270524.511,,44.1,TRUE,F10 SW05,Other,24.36671855,74.46521398,3.056021427
202231 HILLSBORO FARMS,2018,F12 W21,Canola,632827.3525,,39.9,TRUE,F12 W21,Canola,127.9958033,301.6293755,2.356556759
202231 HILLSBORO FARMS,2018,F14 SE31,Canola,208623.1906,,26.2,TRUE,F14 SE31,Canola,33.96476652,68.72040572,2.023285091
202231 HILLSBORO FARMS,2018,F15 NE24,Spring Wheat,567224.4752,,61,TRUE,F15 NE24,Wheat - Sft Rd Wtr,62.33760062,288.7874955,4.632637327
202231 HILLSBORO FARMS,2018,F16 NW24,Peas,417854.8563,,48,TRUE,F16 NW24,Other,57.21448243,188.059922,3.286928659
202231 HILLSBORO FARMS,2018,F17 SE26,Canola,205699.8645,,26.9,TRUE,F17 SE26,Canola,60.47439041,95.13871943,1.573206754
202231 HILLSBORO FARMS,2018,F18 Sec 04,Canola,818460.7658,,26.2,TRUE,F18 Sec 04,Canola,168.2952042,282.7594445,1.680139645
202231 HILLSBORO FARMS,2018,F19a W11,Peas,77598.21476,,28.4,TRUE,F19a W11,Other,16.11345921,32.4642655,2.01472974
202231 HILLSBORO FARMS,2018,F19b W11,Canola,300064.2143,,31.9,TRUE,F19b W11,Canola,75.19934741,139.6330236,1.856838237
202231 HILLSBORO FARMS,2018,F19d E11,CWRS,1175084.506,,62.1,TRUE,F19d E11,Wheat - Sft Rd Wtr/Other,123.5654706,623.5003663,5.045910993
202231 HILLSBORO FARMS,2018,F2 N S11,Spring Wheat,776820.7412,,81.42784749,TRUE,F2 N S11,Wheat - Sft Rd Wtr,63.90736083,401.0433588,6.275386021
202231 HILLSBORO FARMS,2018,F21 SE08,Canola,195915.7609,,25,TRUE,F21 SE08,Canola,29.08068563,56.53486287,1.944069118
202231 HILLSBORO FARMS,2018,F22 N13,Spring Wheat,1207141.886,,73.2,TRUE,F22 N13,Wheat - Sft Rd Wtr,110.561237,608.7792999,5.506263467
202231 HILLSBORO FARMS,2018,F25 Wieben,Spring Wheat,3577057.679,,63.4,TRUE,F25 Wieben,Wheat - Sft Rd Wtr,373.9696196,1785.087744,4.773349626
202231 HILLSBORO FARMS,2018,F26 NW24,Canola,86568.81354,,21.4,TRUE,F26 NW24,Canola,19.07795241,21.72949316,1.138984557
202231 HILLSBORO FARMS,2018,F5 NE05,Canola,142292.8908,,23.51951405,TRUE,F5 NE05,Canola,16.7401699,26.7613833,1.598632718
202231 HILLSBORO FARMS,2018,F6a NW31,Canola,507904.7648,,41,TRUE,F6a NW31,Canola,100.1685912,289.4393867,2.889522387
202231 HILLSBORO FARMS,2018,F7 N32,Peas,1207644.606,,65,TRUE,F7 N32,Other,121.4442578,553.7053754,4.559337639
202231 HILLSBORO FARMS,2018,F8 N33,CWRS,720366.1989,,44,TRUE,F8 N33,Spring Wheat,53.78512981,186.6812528,3.470871103
202231 HILLSBORO FARMS,2018,F9 SE06,Peas,179938.8798,,39.9,TRUE,F9 SE06,Other,19.85941636,54.81535943,2.760169707
202231 HILLSBORO FARMS,2019,F1 S S11,Peas,399111.1771,,45.1,TRUE,F1 S S11,Other,56.10142835,124.354025,2.216592851
202231 HILLSBORO FARMS,2019,F10 SW05,CWRS,460926.5173,,48.3,TRUE,F10 SW05,Spring Wheat,39.90231119,179.8879383,4.508208497
202231 HILLSBORO FARMS,2019,F12 W21,Spring Wheat,1196132.013,,63.3,TRUE,F12 W21,Wheat - Sft Rd Wtr,29.94456549,159.5237829,5.327303311
202231 HILLSBORO FARMS,2019,F15 NE24,Canola,312844.3965,,39.6,TRUE,F15 NE24,Canola,62.17051676,221.5191899,3.563090698
202231 HILLSBORO FARMS,2019,F17 SE26,CWRS,522424.3922,,56.5,TRUE,F17 SE26,Wheat - Sft Rd Wtr/Spring Wheat/Other,38.31477703,203.3752986,5.308012061
202231 HILLSBORO FARMS,2019,F18 Sec 04,Spring Wheat,2236214.409,,59.7,TRUE,F18 Sec 04,Wheat - Sft Rd Wtr,171.4463718,863.4837042,5.03646531
202231 HILLSBORO FARMS,2019,F19a W11,Canola,174136.3199,,37.9,TRUE,F19a W11,Canola,37.10007462,124.2360382,3.348673538
202231 HILLSBORO FARMS,2019,F19b W11,CWRS,NA,,NA,TRUE,F19b W11,Wheat - Sft Rd Wtr/Spring Wheat,28.63839376,119.6873682,4.179262609
202231 HILLSBORO FARMS,2019,F19d E11,Canola,605371.015,,39.1,TRUE,F19d E11,Canola,124.1650357,372.7378389,3.001954914
202231 HILLSBORO FARMS,2019,F2 N S11,Peas,418392.7836,,44.1,TRUE,F2 N S11,Other,56.1690942,145.9554121,2.59850037
202231 HILLSBORO FARMS,2019,F21 SE08,Spring Wheat,449832.8694,,49.8,TRUE,F21 SE08,Wheat - Sft Rd Wtr,1.993099132,12.03224951,6.036954868
202231 HILLSBORO FARMS,2019,F22 N13,Peas,1027597.633,,62.1,TRUE,F22 N13,Other,107.2181023,302.6624769,2.822867317
202231 HILLSBORO FARMS,2019,F25 Wieben,Peas,1334619.628,,30.3,TRUE,F25 Wieben,Other,40.04963038,118.9773549,2.970747889
202231 HILLSBORO FARMS,2019,F26 NW24,CWRS,140160.9211,,47.7,TRUE,NA,NA,NA,NA,NA
202231 HILLSBORO FARMS,2019,F5 NE05,CWRS,407162.4493,,56.4,TRUE,F5 NE05,Wheat - Sft Rd Wtr,44.98675937,195.2705411,4.340622525
202231 HILLSBORO FARMS,2019,F6a NW31,Peas,562078.8921,,37.8,TRUE,F6a NW31,Other,95.78373115,185.5738536,1.937425608
202231 HILLSBORO FARMS,2019,F7 N32,Canola,584457.9897,,37.3,TRUE,F7 N32,Canola,122.0967503,398.1119289,3.260626741
202231 HILLSBORO FARMS,2019,F8 N33,Peas,71039.47026,,13.1,TRUE,NA,NA,NA,NA,NA
202231 HILLSBORO FARMS,2019,F9 SE06,Canola,242755.1174,,31.3,TRUE,F9 SE06,Canola,61.56561782,173.0980503,2.811602586
202231 HILLSBORO FARMS,2020,F12 W21,Peas,38946.81692,,3.7,TRUE,F12 W21,Other,24.95951545,16.65057339,0.667103231
202231 HILLSBORO FARMS,2020,F14 SE31,Peas,127572.5409,,14.1,TRUE,F14 SE31,Other,42.80341372,56.57130575,1.321654065
202231 HILLSBORO FARMS,2020,F15 NE24,Spring Wheat,309656.516,,32.7,TRUE,F15 NE24,Wheat - Sft Rd Wtr,52.71497144,182.0566215,3.453603721
202231 HILLSBORO FARMS,2020,F18 Sec 04,Peas,193697.9132,,6.3,TRUE,F18 Sec 04,Other,106.6129694,79.36248915,0.744398075
202231 HILLSBORO FARMS,2020,F19d E11,Peas,151157.5657,,25,TRUE,F19d E11,Other,34.911705,69.89917731,2.002170255
202231 HILLSBORO FARMS,2020,F25 Wieben,Oats,3432.59334,,2.6,TRUE,F25 Wieben,Spring Oats/Other,60.08639251,42.17613575,0.701924912
202231 HILLSBORO FARMS,2020,F25a,Peas,11613.93816,,2.6,TRUE,NA,NA,NA,NA,NA
202231 HILLSBORO FARMS,2020,F25b,Peas,58609.8227,,3.3,TRUE,NA,NA,NA,NA,NA
202231 HILLSBORO FARMS,2020,F6a NW31,Spring Wheat,531763.1625,,35.5,TRUE,F6a NW31,Wheat - Sft Rd Wtr,82.34328238,282.5207131,3.431011067
202231 HILLSBORO FARMS,2020,F7 N32,Spring Wheat,527393.6056,,29.2,TRUE,F7 N32,Wheat - Sft Rd Wtr,96.47778032,282.3315973,2.926389852
202231 HILLSBORO FARMS,2020,F9 SE06,Oats,79959.36278,,28.1,TRUE,F9 SE06,Spring Oats,20.36078894,43.99390824,2.160717267
202231 HILLSBORO FARMS,2021,F1 S S11,Canola,185278.4694,,25,TRUE,F1 S S11,Canola,59.41952954,101.7597068,1.71256332
202231 HILLSBORO FARMS,2021,F10 SW05,Winter Wheat,451814.8228,,47.7,TRUE,F10 SW05,Winter Wheat,61.67054065,210.7365406,3.417134639
202231 HILLSBORO FARMS,2021,F12 W21,Peas,476910.0123,,25.1,TRUE,F12 W21,Other,123.42952,183.3696059,1.485621963
202231 HILLSBORO FARMS,2021,F13 SW31,Winter Wheat,180068.9524,,25.7,TRUE,F13 SW31,Winter Wheat/Wheat - Sft Rd Wtr,46.66604588,87.63838622,1.877990401
202231 HILLSBORO FARMS,2021,F14 SE31,Canola,137857.0932,,17.6,TRUE,F14 SE31,Canola,62.82220079,81.37434388,1.295311894
202231 HILLSBORO FARMS,2021,F15 NE24,Peas,262495.2849,,28.4,TRUE,F15 NE24,Other,58.98842325,99.69680079,1.690107911
202231 HILLSBORO FARMS,2021,F17 SE26,Peas,238242.2603,,26,TRUE,F17 SE26,Other,59.65426146,93.02390593,1.559384085
202231 HILLSBORO FARMS,2021,F18 Sec 04,CPSR,1682735.74,,44.9,TRUE,F18 Sec 04,Wheat - Sft Rd Wtr,244.7575887,827.7608794,3.381962062
202231 HILLSBORO FARMS,2021,F19a W11,Peas,120852.8592,,21.9,TRUE,F19a W11,Other,36.15344343,46.19757777,1.277819576
202231 HILLSBORO FARMS,2021,F19b W11,Peas,370332.0676,,33,TRUE,F19b W11,Other,73.5490653,133.5798727,1.816200819
202231 HILLSBORO FARMS,2021,F19d E11,Barley,924297.9581,,62.5,TRUE,F19d E11,Spring Barley,3.803489668,14.08607837,3.703461716
202231 HILLSBORO FARMS,2021,F2 N S11,Canola,200686.5586,,25.2,TRUE,F2 N S11,Canola,64.10503825,106.5169893,1.661600901
202231 HILLSBORO FARMS,2021,F21 SE08,Canola,227629.2196,,28.8,TRUE,F21 SE08,Canola,62.87547234,122.9245204,1.955047268
202231 HILLSBORO FARMS,2021,F22 N13,Canola,370649.5329,,26.9,TRUE,F22 N13,Canola,110.9515303,189.9895456,1.712365256
202231 HILLSBORO FARMS,2021,F26 NW24,Canola,83343.45448,,20.8,TRUE,F26 NW24,Canola,32.08949447,46.53610124,1.450197393
202231 HILLSBORO FARMS,2021,F3b NW25,Canola,85706.80712,,28.6,TRUE,F3b NW25,Canola,24.21483643,45.07557524,1.861485844
202231 HILLSBORO FARMS,2021,F4c S SW36,Canola,33746.11834,,26,TRUE,F4c S SW36,Canola/Wheat - Sft Rd Wtr,8.811461962,16.14117983,1.831839018
202231 HILLSBORO FARMS,2021,F5 NE05,Peas,220739.7821,,32,TRUE,F5 NE05,Other,45.49572099,85.71238784,1.88396592
202231 HILLSBORO FARMS,2021,F6a NW31,Canola,350256.7979,,28,TRUE,F6a NW31,Canola/Wheat - Sft Rd Wtr,99.41715241,185.7797327,1.868688936
202231 HILLSBORO FARMS,2021,F6b NE31,Barley,50719.48772,,16.3,TRUE,F6b NE31,Spring Barley,13.41887955,11.4673861,0.854571059
202231 HILLSBORO FARMS,2021,F7 N32,Peas,539468.3094,,29,TRUE,F7 N32,Winter Wheat/Other,120.7250756,212.330628,1.758794741
202231 HILLSBORO FARMS,2021,F8 N33,Winter Wheat,904478.4243,,55.6,TRUE,F8 N33,Winter Wheat/Wheat - Sft Rd Wtr,104.7591492,436.0570089,4.162471842
202231 HILLSBORO FARMS,2021,F9 SE06,Canola,173942.3134,,24.5,TRUE,F9 SE06,Canola,56.56618604,96.55511113,1.706940451
202231 HILLSBORO FARMS,2022,F10 SW05,Canola,134581.0279,,17.5,TRUE,F10 SW05,Canola,29.91043134,37.52789878,1.254675947
202231 HILLSBORO FARMS,2022,F13 SW31,Barley,144116.0094,,25.2,TRUE,F13 SW31,Spring Barley/Canola,32.26994397,44.26552384,1.371726083
202231 HILLSBORO FARMS,2022,F14 SE31,Spring Wheat,457022.1352,,47.9,TRUE,F14 SE31,Wheat - Sft Rd Wtr,60.74912531,213.677493,3.517375632
202231 HILLSBORO FARMS,2022,F15 NE24,Spring Wheat,357626.8425,,38.4,TRUE,F15 NE24,Wheat - Sft Rd Wtr,56.47827845,176.8627134,3.131517431
202231 HILLSBORO FARMS,2022,F17 SE26,Barley,33812.25694,,50.3,TRUE,F17 SE26,Spring Barley,6.153056342,14.85856812,2.414827249
202231 HILLSBORO FARMS,2022,F18 Sec 04,Canola,948334.93,,30.3,TRUE,F18 Sec 04,Canola,248.8466646,472.5826943,1.899091937
202231 HILLSBORO FARMS,2022,F19d E11,Peas,499445.6379,,30.7,TRUE,F19d E11,Other,102.0402234,211.2549397,2.070310438
202231 HILLSBORO FARMS,2022,F21 SE08,Barley,70589.72778,,50.7,TRUE,F21 SE08,Spring Barley,11.42218603,31.01338867,2.715188544
202231 HILLSBORO FARMS,2022,F3a,CWRS,856783.6752,,58.3,TRUE,NA,NA,NA,NA,NA
202231 HILLSBORO FARMS,2022,F4 SE36,Canola,232408.8358,,22,TRUE,F4 SE36,Canola,85.59100718,120.338953,1.405976597
202231 HILLSBORO FARMS,2022,F4b SW36,Canola,42674.82934,,23.1,TRUE,F4b SW36,Canola,15.04195357,21.9194588,1.457221543
202231 HILLSBORO FARMS,2022,F6a NW31,Spring Wheat,666073.0221,,45.7,TRUE,F6a NW31,Wheat - Sft Rd Wtr,45.55441149,160.1962328,3.516590986
202231 HILLSBORO FARMS,2022,F7 N32,Winter Wheat,1406269.778,,74.9,TRUE,F7 N32,Winter Wheat/Other,120.4293102,656.8671855,5.454379705
202231 HILLSBORO FARMS,2022,F9 SE06,Peas,245241.9288,,34.3,TRUE,F9 SE06,Other/Canola,47.60846472,112.9378073,2.372221158
202207 JVM VAN STAVEREN,2022,13 Pak,Canola,5077239.86,,NA,TRUE,13 Pak,Canola,817.7270342,1979.829789,2.421137746
202207 JVM VAN STAVEREN,2022,Beitz,Durum,1243405.68,,NA,TRUE,Beitz,Lentils,125.4940174,462.93868,3.688930274
202207 JVM VAN STAVEREN,2022,Betty,Durum,4706863.7,,NA,TRUE,Betty,Lentils/Canola,523.788517,1824.828349,3.483902929
202207 JVM VAN STAVEREN,2022,Bolls,Durum,2667590.2,,NA,TRUE,Bolls,Lentils,263.9951368,1027.001141,3.890227501
202207 JVM VAN STAVEREN,2022,Drivers,Canola,321874.52,,NA,TRUE,Drivers,Canola,63.2214057,148.6606989,2.351429824
202207 JVM VAN STAVEREN,2022,Elgins,Canola,1216950.24,,NA,TRUE,Elgins,Canola,302.3893228,691.3573956,2.286315499
202207 JVM VAN STAVEREN,2022,Eliford East,Lentils,813504.78,,NA,TRUE,NA,NA,NA,NA,NA
202207 JVM VAN STAVEREN,2022,Fairgrounds,Durum,1062626.84,,NA,TRUE,Fairgrounds,Lentils,124.2074919,373.6511298,3.008281741
202207 JVM VAN STAVEREN,2022,Eliford West,Lentils,498244.12,,NA,TRUE,NA,NA,NA,NA,NA
202207 JVM VAN STAVEREN,2022,Foss North,Canola,859801.8,,NA,TRUE,Foss North,Canola,191.5798082,362.7328098,1.893377038
202207 JVM VAN STAVEREN,2022,Foss Pasture,Lentils,908303.44,,NA,TRUE,Foss Pasture,Lentils,160.808083,297.5544747,1.850370137
202207 JVM VAN STAVEREN,2022,Foss South,Lentils,1521187.8,,NA,TRUE,Foss South,Lentils,317.5113181,494.6663559,1.557948733
202207 JVM VAN STAVEREN,2022,Foss West,Lentils,546745.76,,NA,TRUE,Foss West,Lentils,116.2648282,177.4896153,1.526597665
202207 JVM VAN STAVEREN,2022,Galls,Durum,418877.8,,NA,TRUE,Galls,Lentils,100.2449086,144.4904281,1.441374232
202207 JVM VAN STAVEREN,2022,Griffin Half,Durum,934758.88,,NA,TRUE,Griffin Half,Lentils,111.7093332,344.1312145,3.080595011
202207 JVM VAN STAVEREN,2022,Horner Home,Lentils,676818.34,,NA,TRUE,Horner Home,Canola/Lentils,283.4082842,239.2458867,0.844173936
202207 JVM VAN STAVEREN,2022,Ivans,Lentils,1377887.5,,NA,TRUE,NA,NA,NA,NA,NA
202207 JVM VAN STAVEREN,2022,Kathryn,Lentils,1640237.28,,NA,TRUE,Kathryn,Lentils,303.2768634,554.867817,1.829575164
202207 JVM VAN STAVEREN,2022,Louis,Canola,992079,,NA,TRUE,Louis,Canola,170.1595984,344.1960871,2.022783848
202207 JVM VAN STAVEREN,2022,Orm,Durum,3474481.12,,NA,TRUE,Orm,Canola/Lentils,244.7024609,693.1908326,2.832790607
202207 JVM VAN STAVEREN,2022,Phillips,Durum,4274758.18,,NA,TRUE,Phillips,Lentils/Canola,486.9651443,1425.425262,2.927160759
202207 JVM VAN STAVEREN,2022,Pollock,Durum,6038454.18,,NA,TRUE,Pollock,Lentils/Canola,660.914822,2286.452094,3.459526126
202207 JVM VAN STAVEREN,2022,Section 15 Shellingtons,Canola,3265042.22,,NA,TRUE,Section 15 Shellingtons,Canola,538.0748049,1271.764815,2.363546488
202207 JVM VAN STAVEREN,2022,Section 3,Durum,2317055.62,,NA,TRUE,Section 3,Lentils,269.4253179,846.529235,3.141981019
202207 JVM VAN STAVEREN,2022,Stewart 8 Pack,Canola,3214335.96,,NA,TRUE,NA,NA,NA,NA,NA
202207 JVM VAN STAVEREN,2022,Tapps,Durum,1049399.12,,NA,TRUE,Tapps,Lentils,122.0375436,400.1114475,3.278593093
202207 JVM VAN STAVEREN,2022,Tordiff,Lentils,1117742.34,,NA,TRUE,Tordiff,Lentils,229.7737971,374.548082,1.630073084
202207 JVM VAN STAVEREN,2022,Vince Sylvia,Canola,291009.84,,NA,TRUE,Vince Sylvia,Canola,63.37179629,122.1959994,1.928239478
202207 JVM VAN STAVEREN,2022,Warren Creelman,Canola,950191.22,,NA,TRUE,Warren Creelman,Canola,172.8935082,379.2155943,2.193347792
202207 JVM VAN STAVEREN,2022,Warren Kent,Lentils,372580.78,,NA,TRUE,Warren Kent,Lentils/Canola,131.7078892,131.4853729,0.998310531
202207 JVM VAN STAVEREN,2022,Warren Yard,Canola,1230177.96,,NA,TRUE,Warren Yard,Canola,209.6690386,494.7986742,2.359903386
202207 JVM VAN STAVEREN,2022,Willems,Durum,2868210.62,,NA,TRUE,Willems,Lentils/Spring Oats,336.6882815,939.2564655,2.789691584
202207 JVM VAN STAVEREN,2022,Winston Sylvia,Canola,562178.1,,NA,TRUE,Winston Sylvia,Canola,122.8909915,268.7364155,2.186786941
202207 JVM VAN STAVEREN,2022,Zyla,Durum,1995181.1,,NA,TRUE,Zyla,Lentils/Canola,254.9831675,754.5975622,2.959401475
202215 ARM RIVER COLONY,2022,Black NE Chicken SW,Peas,2042226,34037.1,61.6,TRUE,NA,,NA,NA,NA
202215 ARM RIVER COLONY,2022,Gophers S Dave Core,Canola,1314127,26282.5,57,TRUE,NA,,NA,NA,NA
202215 ARM RIVER COLONY,2022,Devin Pinkney N Side,SpringWheat,894839,14914,64.6,TRUE,NA,,NA,NA,NA
202215 ARM RIVER COLONY,2022,Devin Pinkney S Side,SpringWheat,1003915,16731.9,43.8,TRUE,NA,,NA,NA,NA
202215 ARM RIVER COLONY,2022,Treehouse,Barley,331251,6901.1,60,TRUE,NA,,NA,NA,NA
202215 ARM RIVER COLONY,2022,Holt Quarter Otto E,SpringWheat,689691,11494.8,70.9,TRUE,NA,,NA,NA,NA
202215 ARM RIVER COLONY,2022,Kathleen Burns Small,Canola,64557,1291.1,60,TRUE,NA,,NA,NA,NA
202215 ARM RIVER COLONY,2022,Sams correl,Canola,139673,2793.5,126.6,TRUE,NA,,NA,NA,NA
202215 ARM RIVER COLONY,2022,Avonhurst N Half Section,SpringWheat,1179836,19663.9,64.3,TRUE,NA,,NA,NA,NA
202215 ARM RIVER COLONY,2022,Avonhurst N quarter,SpringWheat,606586,10109.8,66.5,TRUE,NA,,NA,NA,NA
202215 ARM RIVER COLONY,2022,Avonhurst NE Quarter,SpringWheat,663484,11058.1,62.6,TRUE,NA,,NA,NA,NA
202215 ARM RIVER COLONY,2022,North Edenwold Section,SpringWheat,1416630,23610.5,36.9,TRUE,NA,,NA,NA,NA
202215 ARM RIVER COLONY,2022,364 South,NA,NA,NA,NA,NA,364 South,Spring Wheat,58.95624481,280.9313316,4.765081842
202215 ARM RIVER COLONY,2022,Avonhurst N Half S,,NA,NA,NA,NA,Avonhurst N Half S,Spring Wheat,95.2491678,434.5057942,4.561780478
202215 ARM RIVER COLONY,2022,Avonhurst N quarte,,NA,NA,NA,NA,Avonhurst N quarte,Spring Wheat,56.73936309,263.7948885,4.649239506
202215 ARM RIVER COLONY,2022,Avonhurst NE Quart,,NA,NA,NA,NA,Avonhurst NE Quart,Spring Wheat,52.40983601,223.6509376,4.267346641
202215 ARM RIVER COLONY,2022,Black NE Chicken S,,NA,NA,NA,NA,Black NE Chicken S,Field Peas,183.9169004,788.9932413,4.289944207
202215 ARM RIVER COLONY,2022,Devin Pinkney N Si,,NA,NA,NA,NA,Devin Pinkney N Si,Spring Wheat,94.00691998,419.1042798,4.458227967
202215 ARM RIVER COLONY,2022,Devin Pinkney S Si,,NA,NA,NA,NA,Devin Pinkney S Si,Spring Wheat,149.4905039,666.8250507,4.460651569
202215 ARM RIVER COLONY,2022,Gophers S Dave Cor,,NA,NA,NA,NA,Gophers S Dave Cor,Canola,184.5684671,680.8875425,3.689078384
202215 ARM RIVER COLONY,2022,Graff small,NA,NA,NA,NA,NA,Graff small,Canola,4.697316905,13.1300986,2.795233719
202215 ARM RIVER COLONY,2022,Holt Quarter Otto ,NA,NA,NA,NA,NA,Holt Quarter Otto ,Spring Wheat,50.93712922,242.8672978,4.767981657
202215 ARM RIVER COLONY,2022,Home Yard,NA,NA,NA,NA,NA,Home Yard,Spring Wheat,81.04075504,359.7082295,4.438609059
202215 ARM RIVER COLONY,2022,Kambeitz S Half,NA,NA,NA,NA,NA,Kambeitz S Half,Spring Wheat,67.60336495,269.6507539,3.988717929
202215 ARM RIVER COLONY,2022,Kathleen Burns Sma,,NA,NA,NA,NA,Kathleen Burns Sma,Canola,7.53722557,25.66587832,3.40521563
202215 ARM RIVER COLONY,2022,Lisa Litte Field,NA,NA,NA,NA,NA,Lisa Litte Field,Spring Wheat,1.940488088,7.838691944,4.039546541
202215 ARM RIVER COLONY,2022,Sec North Edenwold,,NA,NA,NA,NA,Sec North Edenwold,Spring Wheat,147.028135,392.9274378,2.672464272
202215 ARM RIVER COLONY,2022,Shop W,NA,NA,NA,NA,NA,Shop W,Spring Wheat,155.5843416,701.9098494,4.511442748
202215 ARM RIVER COLONY,2022,Algin Fair NW,Canola,565889,11317.8,56.8,TRUE,Algin Fair NW,Canola,28.54026707,100.3428674,3.515834912
202215 ARM RIVER COLONY,2022,Algin Fair Quarter,Canola,363315,7266.3,46,TRUE,Algin Fair Quarter,Canola,20.58663789,64.20188102,3.118619046
202215 ARM RIVER COLONY,2022,Algin House N 3in1,Canola,558528,11170.6,46.5,TRUE,Algin House N 3in1,Canola,29.72783241,92.7371756,3.119540447
202215 ARM RIVER COLONY,2022,Algin House SE,Canola,796100,15922,51.6,TRUE,Algin House SE,Canola,48.79276284,155.4915281,3.186774412
202215 ARM RIVER COLONY,2022,Algin House W,Canola,606443,12128.9,53.7,TRUE,Algin House W,Canola,36.68970068,127.6816381,3.48004033
202215 ARM RIVER COLONY,2022,Morley Mack,Canola,770137,15402.7,51.8,TRUE,Morley Mack,Canola,43.99485691,149.585002,3.400056563
202215 ARM RIVER COLONY,2022,Sidlets Gravel NW,Barley,1012706,21098,103.7,TRUE,Sidlets Gravel NW,Spring Barley,67.06261813,382.8302101,5.70854853
202215 ARM RIVER COLONY,2022,Sidlets Gravel S,Barley,705973,14707.8,96.7,TRUE,Sidlets Gravel S,Spring Barley,48.57068918,279.9571562,5.763911547
202215 ARM RIVER COLONY,2022,Sidlets Middle,Barley,361521,7531.7,90.7,TRUE,Sidlets Middle,Other/Spring Barley,34.04424455,157.7230396,4.632884109
202215 ARM RIVER COLONY,2022,Sidlets N Field,Barley,344256,7172,101.6,TRUE,Sidlets N Field,Spring Barley,28.38249073,157.7318415,5.557364329
202215 ARM RIVER COLONY,2022,Sidlets NE,Barley,1325754,27619.9,106.5,TRUE,Sidlets NE,Spring Barley,107.3259199,621.845982,5.793996293
202215 ARM RIVER COLONY,2022,Berry N,Peas,1097030,18283.8,63.7,TRUE,Berry N,Other,115.9054839,524.0702115,4.521530766
202215 ARM RIVER COLONY,2022,GA House N,Peas,2154588,35909.8,57.2,TRUE,GA House N,Other,248.1176935,1047.784692,4.222934196
202215 ARM RIVER COLONY,2022,GA House SE,Peas,1052324,17538.7,55.2,TRUE,GA House SE,Field Peas,108.4113713,475.8559226,4.389354335
202215 ARM RIVER COLONY,2022,GA Section Ian W,Peas,2423542,40392.4,54,TRUE,GA Section Ian W,Other/Field Peas,245.0895157,918.1546117,3.746201093
202215 ARM RIVER COLONY,2022,Jimmy NW,Peas,1235565,20592.8,63.1,TRUE,Jimmy NW,Other/Field Peas,113.4919633,482.6885154,4.253063401
202215 ARM RIVER COLONY,2022,Lou Jurdisey,Peas,1179956,19665.9,61,TRUE,Lou Jurdisey,Other/Field Peas,107.3685752,467.3144095,4.352431878
202215 ARM RIVER COLONY,2022,Mackzine Yard,Barley,1382572,28803.6,90.1,TRUE,Mackzine Yard,Spring Barley/Other,123.929132,644.8159272,5.203102101
202215 ARM RIVER COLONY,2022,Riche Bethune E,Peas,563813,9396.9,58.2,TRUE,Riche Bethune E,Other,63.67776758,262.8006546,4.127039382
202215 ARM RIVER COLONY,2022,Black SE,Peas,399644,6660.7,58.2,TRUE,Black SE,Field Peas,36.89059173,186.3754254,5.052112656
202215 ARM RIVER COLONY,2022,Chicken Barns SE,Peas,815382,13589.7,61.4,TRUE,Chicken Barns SE,Other/Field Peas,87.20035855,376.3550321,4.315980328
202215 ARM RIVER COLONY,2022,Gophers,Peas,568673,9477.9,60.5,TRUE,Gophers,Other,61.63215813,260.0949024,4.220116743
202215 ARM RIVER COLONY,2022,HY 54-1,Peas,1029527,17158.8,54.4,TRUE,HY 54-1,Other,119.8996323,443.8942735,3.702215469
202215 ARM RIVER COLONY,2022,Long Field,Peas,1462002,24366.7,60.9,TRUE,Long Field,Field Peas,125.0573191,579.9534558,4.637501108
202215 ARM RIVER COLONY,2022,Schandre N Side,Canola,339316,6786.3,52.3,TRUE,Schandre N Side,Canola,51.19798918,177.6780753,3.470411204
202215 ARM RIVER COLONY,2022,Schandre S Side,Canola,51693,1033.9,49,TRUE,Schandre S Side,Canola,5.992795415,18.53842042,3.093451242
202215 ARM RIVER COLONY,2022,Tee Slews,Canola,1958933,39178.7,52.5,TRUE,Tee Slews,Canola,108.8427089,378.3958295,3.476538146
202215 ARM RIVER COLONY,2022,Triangle,SpringWheat,730590,12176.5,58.9,TRUE,Triangle,Spring Wheat,71.7234033,297.848046,4.152731637
202215 ARM RIVER COLONY,2022,Walter + Black W,SpringWheat,1803880,30064.7,61.6,TRUE,Walter + Black W,Spring Wheat,195.7196886,875.3449841,4.472442146
202215 ARM RIVER COLONY,2022,Craven N,DurumWheat,2904252,48404.2,60.9,TRUE,Craven N,Wheat/Wheat - Durum,258.3125582,1136.119571,4.398235914
202215 ARM RIVER COLONY,2022,Craven S N Side,SpringWheat,860816,14346.9,60.2,TRUE,Craven S N Side,Spring Wheat,65.64927835,290.6318514,4.427038022
202215 ARM RIVER COLONY,2022,Craven S Quarter,SpringWheat,594967,9916.1,60.8,TRUE,Craven S Quarter,Wheat/Spring Wheat,65.9001002,273.0222431,4.142971592
202215 ARM RIVER COLONY,2022,Grant Yard,DurumWheat,1069742,17829,59.6,TRUE,Grant Yard,Wheat/Wheat - Durum,103.6939575,465.8079503,4.492141699
202215 ARM RIVER COLONY,2022,Green,DurumWheat,1065245,17754.1,59.5,TRUE,Green,Wheat - Durum,96.33352078,418.8853756,4.348282635
202215 ARM RIVER COLONY,2022,Gtab Quarter,DurumWheat,489378,8156.3,53,TRUE,Gtab Quarter,Wheat - Durum,36.86769754,150.9999351,4.095724583
202215 ARM RIVER COLONY,2022,Swift Quarter,DurumWheat,512334,8538.9,56.1,TRUE,Swift Quarter,Wheat - Durum,47.97687445,200.2886753,4.174692028
202215 ARM RIVER COLONY,2022,Swift West,DurumWheat,882457,14707.6,52.7,TRUE,Swift West,Wheat - Durum,81.49645881,322.2564951,3.954239237
202215 ARM RIVER COLONY,2022,Swift Wolf,DurumWheat,1014390,16906.5,54.1,TRUE,Swift Wolf,Wheat,121.0303765,474.6349356,3.921618269
202215 ARM RIVER COLONY,2022,Tars,DurumWheat,1957442,32624,61,TRUE,Tars,Spring Barley/Wheat - Durum,174.0551759,799.0651594,4.590872723
202215 ARM RIVER COLONY,2022,Wally,DurumWheat,1617685,26961.4,58.2,TRUE,Wally,Wheat/Wheat - Durum,142.2254314,600.0687622,4.219138281
202215 ARM RIVER COLONY,2022,Yard S Quarter,DurumWheat,519067,8651.1,62.3,TRUE,Yard S Quarter,Wheat - Durum,45.26222183,201.2144582,4.44552764
202215 ARM RIVER COLONY,2022,Disley N Irr,Canola,583356,11667.1,56.9,TRUE,Disley N Irr,Canola,38.04371015,132.0017096,3.469738075
202215 ARM RIVER COLONY,2022,Disley W Sec,Canola,1740982,34819.6,58.8,TRUE,Disley W Sec,Canola,123.5055098,419.8920579,3.399784014
202215 ARM RIVER COLONY,2022,Hy 11,Canola,761517,15230.3,51.9,TRUE,Hy 11,Canola,31.93783268,105.5613827,3.305214343
202215 ARM RIVER COLONY,2022,Little Field,Canola,50209,1004.2,55.2,TRUE,Little Field,Canola,2.395542506,6.320622991,2.638493358
202215 ARM RIVER COLONY,2022,Valley Irr,Canola,311489,6229.8,51.7,TRUE,Valley Irr,Canola,26.84932842,110.5115013,4.115987545
202215 ARM RIVER COLONY,2022,Valley Pump Site,Canola,143401,2868,42.7,TRUE,Valley Pump Site,Canola,8.044438702,22.79896551,2.83412757
202215 ARM RIVER COLONY,2022,Wagner Hay,Canola,340352,6807,43.4,TRUE,Wagner Hay,Canola,25.67793258,73.7130939,2.870678692
202215 ARM RIVER COLONY,2022,Wagner Quarter,Canola,380848,7617,48.8,TRUE,Wagner Quarter,Canola,14.04121943,44.14777107,3.144155055
202215 ARM RIVER COLONY,2022,Buffalo Jump E+W,Canola,706319,14126.4,56.8,TRUE,Buffalo Jump E+W,Canola,41.8199543,152.6281573,3.649649069
202215 ARM RIVER COLONY,2022,Junk Pile,Peas,2153980,35899.7,52.7,TRUE,Junk Pile,Other,261.8537268,949.410706,3.62572921
202215 ARM RIVER COLONY,2022,Mill E Ranch S,SpringWheat,2197723,36628.7,59,TRUE,Mill E Ranch S,Spring Wheat/Field Peas,215.426699,1061.647127,4.928113049
202215 ARM RIVER COLONY,2022,Mill S,Barley,36511,760.6,2.9,TRUE,Mill S,Spring Barley/Field Peas,6.202777416,17.55205246,2.829708579
202215 ARM RIVER COLONY,2022,Tree House,Canola,50039,1000.8,6.6,TRUE,Tree House,Spring Barley/Canola,19.2687332,55.27715949,2.86874902
202215 ARM RIVER COLONY,2022,Archibald,Canola,539667,10793.3,75,TRUE,Archibald,Canola,34.11464239,143.6449401,4.21065355
202215 ARM RIVER COLONY,2022,Bernard NW,Canola,525018,10500.4,69.6,TRUE,Bernard NW,Canola,45.72591687,191.6824638,4.191987321
202215 ARM RIVER COLONY,2022,Bernard Yard,Canola,1089143,21782.9,69,TRUE,Bernard Yard,Canola,92.77751829,402.3547008,4.336769384
202215 ARM RIVER COLONY,2022,Bernard Yard SW,Canola,177333,3546.7,65.1,TRUE,Bernard Yard SW,Canola/Spring Wheat,22.09406661,79.54560521,3.600315261
202215 ARM RIVER COLONY,2022,Erwin Bateman,Barley,1882332,39215.3,104.8,TRUE,Erwin Bateman,Spring Barley,128.1560987,743.2827687,5.799823625
202215 ARM RIVER COLONY,2022,Graff +Bins E,Canola,357109,7142.2,61,TRUE,Graff +Bins E,Canola,35.63356729,126.5545883,3.551555398
202215 ARM RIVER COLONY,2022,Holt HY 6,Canola,975717,19514.3,69.6,TRUE,Holt HY 6,Spring Wheat/Canola,82.69416776,348.9177156,4.219375139
202215 ARM RIVER COLONY,2022,Holt Yard,SpringWheat,410946,6849.1,49.6,TRUE,Holt Yard,Spring Wheat,53.83382763,183.4486675,3.407683896
202215 ARM RIVER COLONY,2022,Holt Yard North,SpringWheat,392551,6542.5,55.9,TRUE,Holt Yard North,Spring Wheat,44.57581488,178.3354513,4.00072218
202215 ARM RIVER COLONY,2022,Huber 640,Canola,1641528,32830.6,51.1,TRUE,Huber 640,Canola/Spring Wheat,240.4250075,770.39854,3.204319501
202215 ARM RIVER COLONY,2022,Kathleen Burns N,Canola,392780,7855.6,62.7,TRUE,Kathleen Burns N,Canola,38.07985278,142.4435889,3.740654925
202215 ARM RIVER COLONY,2022,Kathleen Burns S,Canola,119708,2394.2,59.7,TRUE,Kathleen Burns S,Canola,6.984857685,25.17027013,3.603548027
202215 ARM RIVER COLONY,2022,Lisa 85,Barley,393382,8195.5,98.1,TRUE,Lisa 85,Spring Barley,28.61370442,144.7110753,5.057404422
202215 ARM RIVER COLONY,2022,Lumsden S,SpringWheat,3266728,54445.5,67.6,TRUE,Lumsden S,Spring Wheat/Canola,204.644597,931.3382544,4.551003389
202215 ARM RIVER COLONY,2022,Mobile Grain-1,SpringWheat,502373,8372.9,65,TRUE,Mobile Grain-1,Spring Wheat,39.94029889,175.0224902,4.382102665
202215 ARM RIVER COLONY,2022,OT N Side,Canola,488938,9778.8,65.7,TRUE,OT N Side,Canola,46.42785558,177.7773567,3.829109799
202215 ARM RIVER COLONY,2022,OT S Side,Canola,547141,10942.8,70.9,TRUE,OT S Side,Canola,32.15362621,132.2185807,4.112089252
202215 ARM RIVER COLONY,2022,Otto 440,SpringWheat,1965108,32751.8,74.2,TRUE,Otto 440,Spring Wheat,159.3692549,855.6545229,5.369006233
202215 ARM RIVER COLONY,2022,Otto House E,SpringWheat,2026293,33771.5,69.4,TRUE,Otto House E,Spring Wheat,143.1099487,707.9635511,4.946990463
202215 ARM RIVER COLONY,2022,Otto House W,SpringWheat,671260,11187.7,63.7,TRUE,Otto House W,Spring Wheat,51.95511215,226.578424,4.361041958
202215 ARM RIVER COLONY,2022,Otto N,SpringWheat,335724,5595.4,73.9,TRUE,Otto N,Spring Wheat,24.10726396,120.543931,5.000315723
202215 ARM RIVER COLONY,2022,Otto S,SpringWheat,44546,742.4,29.4,TRUE,Otto S,Spring Wheat,7.488890374,33.92976897,4.530680418
202215 ARM RIVER COLONY,2022,Paul Schro,SpringWheat,336182,5603,57.6,TRUE,Paul Schro,Spring Wheat,39.88551465,141.9519919,3.558986092
202215 ARM RIVER COLONY,2022,Penny Burns,Canola,825768,16515.4,55.1,TRUE,Penny Burns,Canola,69.38983982,245.1372753,3.532754592
202215 ARM RIVER COLONY,2022,Ron Burns,Canola,824409,16488.2,56.2,TRUE,Ron Burns,Canola,88.90994489,306.1707395,3.443605099
202215 ARM RIVER COLONY,2022,Ron Lisa Huber,SpringWheat,3249798,54163.3,56.2,TRUE,Ron Lisa Huber,Spring Wheat/Spring Barley,357.980868,1281.70365,3.580369133
202215 ARM RIVER COLONY,2022,Scott Will 100,Barley,455471,9489,96.1,TRUE,Scott Will 100,Spring Barley,28.64282497,152.9139722,5.338648417
202215 ARM RIVER COLONY,2022,Scott Will 160,Barley,881053,18355.3,114,TRUE,Scott Will 160,Spring Barley,62.69390203,409.6489655,6.534111808
202215 ARM RIVER COLONY,2022,Small,Barley,2374243,49463.4,109.7,TRUE,Small,Spring Barley,179.5500359,1067.315855,5.944392324
202215 ARM RIVER COLONY,2022,Colony W Quarter,Barley,617167,12857.6,79.8,TRUE,Colony W Quarter,Spring Barley,59.94601209,274.150394,4.57328827
202215 ARM RIVER COLONY,2022,new break,Barley,533953,11124,71.5,TRUE,new break,Spring Barley,62.56860075,253.2258292,4.047171044
202204 SHANE STROEDER,2022,Food grains,NA,NA,NA,NA,NA,Food grains,Mustard,14.57942467,54.27971789,3.723035657
202204 SHANE STROEDER,2022,Geralds,NA,NA,NA,NA,NA,Geralds,Mustard/Spring Barley,86.24456886,303.8592252,3.523227367
202204 SHANE STROEDER,2022,Kennys west,NA,NA,NA,NA,NA,Kennys west,Mustard,15.68097684,41.29673654,2.633556376
202204 SHANE STROEDER,2022,South of Yard,NA,NA,NA,NA,NA,South of Yard,Mustard,47.28259167,152.3985892,3.223143736
202204 SHANE STROEDER,2022,Vivians,NA,NA,NA,NA,NA,Vivians,Mustard,168.6714364,511.0863154,3.030070333
202207 JVM VAN STAVEREN,2022,Harts,NA,NA,NA,NA,NA,Harts,Lentils/Spring Oats,450.2744554,480.5138088,1.067157604
202207 JVM VAN STAVEREN,2022,Motts,NA,NA,NA,NA,NA,Motts,Lentils/Canola/Spring Oats,582.9392964,419.8331639,0.720200485
202207 JVM VAN STAVEREN,2022,Nathans Half,NA,NA,NA,NA,NA,Nathans Half,Canola/Lentils,126.1033337,353.3736106,2.802254313
202207 JVM VAN STAVEREN,2022,Stewart,NA,NA,NA,NA,NA,Stewart,Canola,515.326693,1286.669102,2.496802746
202215 ARM RIVER COLONY,2022,Otto Home,Barley,1057813,22037.8,70.1,TRUE,Otto Home,Spring Barley,114.7636782,490.4383361,4.273463031
202215 ARM RIVER COLONY,2022,Pete All N&S,Barley,4233413,88196.1,91.1,TRUE,Pete All N&S,Spring Barley,316.3429113,1601.362773,5.0621105
202215 ARM RIVER COLONY,2022,Pete East,Canola,3435862,68717.2,51.8,TRUE,Pete East,Canola,316.5864017,1076.817577,3.401338692
202215 ARM RIVER COLONY,2022,Avonhurst Town,SpringWheat,2377981,39633,59,TRUE,Avonhurst Town,Spring Wheat,176.6447117,703.6817351,3.983599216
202215 ARM RIVER COLONY,2022,Edenwold Town,SpringWheat,837864,13964.4,51.3,TRUE,Edenwold Town,Spring Wheat,61.91738298,256.8171221,4.147738643
202215 ARM RIVER COLONY,2022,Rod East,SpringWheat,3142276,52371.3,67.8,TRUE,Rod East,Spring Wheat,258.7470808,1253.302456,4.843735637
202215 ARM RIVER COLONY,2022,Rod East East,SpringWheat,3000648,50010.8,68.3,TRUE,Rod East East,Spring Wheat,173.0009448,808.0239035,4.670632895
202215 ARM RIVER COLONY,2022,Rod Yard NE,SpringWheat,872935,14548.9,49.8,TRUE,Rod Yard NE,Spring Wheat,71.59243536,242.3116567,3.384598603
202215 ARM RIVER COLONY,2022,Yard South,SpringWheat,2285254,38087.6,63.4,TRUE,Yard South,Spring Wheat,187.5702394,826.613503,4.406954458
202215 ARM RIVER COLONY,2022,KS Road E,SpringWheat,439923,7332,58.2,TRUE,KS Road E,Spring Wheat/Spring Barley,33.31714644,148.3808642,4.45358862
202215 ARM RIVER COLONY,2022,KS Road W,SpringWheat,640866,10681.1,67,TRUE,KS Road W,Spring Wheat,57.33807325,292.480199,5.100977107
202215 ARM RIVER COLONY,2022,Mike McEwen N,SpringWheat,369630,6160.5,65.3,TRUE,Mike McEwen N,Spring Wheat,39.38614587,174.9637406,4.442266099
202215 ARM RIVER COLONY,2022,Mike McEwen S,SpringWheat,168952,2815.9,70.6,TRUE,Mike McEwen S,Spring Wheat,16.23847771,81.9169552,5.044620356
202215 ARM RIVER COLONY,2022,Sec 27 Disley W,SpringWheat,457539,7625.7,53.6,TRUE,Sec 27 Disley W,Spring Wheat,46.82514551,180.0244949,3.844611542
202215 ARM RIVER COLONY,2022,Valley & 40,SpringWheat,439749,7329.1,40.6,TRUE,Valley & 40,Spring Wheat,71.07062554,194.7662276,2.740460298
202215 ARM RIVER COLONY,2022,Young House SW,SpringWheat,643084,10718.1,59.3,TRUE,Young House SW,Spring Wheat,72.62396445,302.1850421,4.160954919
202221 ABERHART FARMS INC,2022,Dancing L Breaking,,NA,NA,NA,NA,Dancing L Breaking,Canola,30.68419815,63.22461725,2.060494361
202221 ABERHART FARMS INC,2022,Garths Home,,NA,NA,NA,NA,Garths Home,Spring Barley/Winter Wheat,25.22166341,137.4769516,5.450748801
202221 ABERHART FARMS INC,2022,Goudys Home North,NA,NA,NA,NA,NA,Goudys Home North,Canola,194.3447461,404.2943351,2.080294647
202221 ABERHART FARMS INC,2022,Mitchke Section,,NA,NA,NA,NA,Mitchke Section,Canola,249.0134374,612.0431424,2.457871948
202221 ABERHART FARMS INC,2022,West Place,,NA,NA,NA,NA,West Place,Spring Wheat,60.40247061,215.7379552,3.571674355
202221 ABERHART FARMS INC,2021,15,NA,NA,NA,NA,NA,15,Canola,65.36987017,125.7094306,1.923048497
202221 ABERHART FARMS INC,2021,Altmans L,NA,NA,NA,NA,NA,Altmans L,Canola,186.6142075,339.6952698,1.820307651
202221 ABERHART FARMS INC,2021,Bennett Half,NA,NA,NA,NA,NA,Bennett Half,Spring Barley/Other,125.9420667,401.7654629,3.190081546
202221 ABERHART FARMS INC,2021,Brent Half,NA,NA,NA,NA,NA,Brent Half,Canola,100.3545539,209.3469131,2.086072879
202221 ABERHART FARMS INC,2021,Dancing L Block,NA,NA,NA,NA,NA,Dancing L Block,Canola,85.11823493,95.89849422,1.126650409
202221 ABERHART FARMS INC,2021,Dancing West,NA,NA,NA,NA,NA,Dancing West,Canola,46.69606251,50.07138402,1.072282786
202221 ABERHART FARMS INC,2021,David Manitoba Half,NA,NA,NA,NA,NA,David Manitoba Half,Spring Barley,118.2450887,420.0003164,3.551947241
202221 ABERHART FARMS INC,2021,Dwayne Home Sec,NA,NA,NA,NA,NA,Dwayne Home Sec,Canola,260.480873,473.3042408,1.817040289
202221 ABERHART FARMS INC,2021,Elevator Half,NA,NA,NA,NA,NA,Elevator Half,Spring Wheat,123.167434,403.9131008,3.279382281
202221 ABERHART FARMS INC,2021,Garths Home,,NA,NA,NA,NA,Garths Home,Canola,36.57839261,79.55009823,2.17478387
202221 ABERHART FARMS INC,2021,Goudys Home North,NA,NA,NA,NA,NA,Goudys Home North,Spring Wheat,203.7268133,695.337572,3.413088149
202221 ABERHART FARMS INC,2021,Harrowby Quater,,NA,NA,NA,NA,Harrowby Quater,Spring Barley/Other,45.2457085,154.4645876,3.41390582
202221 ABERHART FARMS INC,2021,Jonnys,NA,NA,NA,NA,NA,Jonnys,Spring Barley,61.76996374,163.6085995,2.648675661
202221 ABERHART FARMS INC,2021,Kilman Sign,NA,NA,NA,NA,NA,Kilman Sign,Spring Wheat,58.07318576,173.7360001,2.991673313
202221 ABERHART FARMS INC,2021,Mitchke Section,,NA,NA,NA,NA,Mitchke Section,Spring Wheat,250.2340081,832.147076,3.325475552
202221 ABERHART FARMS INC,2021,West of 482,NA,NA,NA,NA,NA,West of 482,Spring Wheat,125.2868177,433.6827946,3.461519755
202221 ABERHART FARMS INC,2021,West Place,NA,NA,NA,NA,NA,West Place,Canola,63.65692748,121.3553045,1.906395884
202231 HILLSBORO FARMS,2022,F12 W21,NA,NA,NA,NA,NA,F12 W21,Spring Barley/Wheat - Sft Rd Wtr,111.1307263,405.3657609,3.647647904
202231 HILLSBORO FARMS,2022,F19a W11,NA,NA,NA,NA,NA,F19a W11,Wheat - Sft Rd Wtr/Winter Wheat,35.70489925,173.3183834,4.854190519
202231 HILLSBORO FARMS,2022,F19b W11,NA,NA,NA,NA,NA,F19b W11,Wheat - Sft Rd Wtr,70.06562001,330.1402359,4.71187204
202231 HILLSBORO FARMS,2022,F2 N S11,NA,NA,NA,NA,NA,F2 N S11,Wheat - Sft Rd Wtr,41.50419603,129.3013481,3.115380142
202231 HILLSBORO FARMS,2022,F22 N13,NA,NA,NA,NA,NA,F22 N13,Wheat - Sft Rd Wtr/Spring Barley/Canola,50.19241834,113.4837945,2.260974829
202231 HILLSBORO FARMS,2022,F3 N25,NA,NA,NA,NA,NA,F3 N25,Winter Wheat/Canola,95.85929161,415.4178606,4.333621224
202231 HILLSBORO FARMS,2022,F3b NW25,NA,NA,NA,NA,NA,F3b NW25,Other,20.38188414,34.5489814,1.695082808
202231 HILLSBORO FARMS,2022,F4c S SW36,NA,NA,NA,NA,NA,F4c S SW36,Other,8.967588302,14.73523369,1.64316572
202231 HILLSBORO FARMS,2022,NW36,NA,NA,NA,NA,NA,NW36,Wheat - Sft Rd Wtr,48.88907776,186.6460502,3.81774537
202231 HILLSBORO FARMS,2021,F16 NW24,NA,NA,NA,NA,NA,F16 NW24,Grass - Bent,0.223547403,0.664349285,2.971849707
202231 HILLSBORO FARMS,2021,F25 Wieben,NA,NA,NA,NA,NA,F25 Wieben,Spring Wheat/Wheat - Sft Rd Wtr,365.1886946,1193.375435,3.267832365
202231 HILLSBORO FARMS,2020,F1 S S11,NA,NA,NA,NA,NA,F1 S S11,Wheat - Sft Rd Wtr,50.66733058,165.9389974,3.275068876
202231 HILLSBORO FARMS,2020,F13 SW31,NA,NA,NA,NA,NA,F13 SW31,Wheat - Sft Rd Wtr,5.268291018,6.340595241,1.203539292
202231 HILLSBORO FARMS,2020,F16 NW24,NA,NA,NA,NA,NA,F16 NW24,Grass - Bent,0.025801666,0.046711562,1.810408723
202231 HILLSBORO FARMS,2020,F2 N S11,NA,NA,NA,NA,NA,F2 N S11,Wheat - Sft Rd Wtr,58.11903817,242.0191274,4.164197052
202231 HILLSBORO FARMS,2020,F22 N13,NA,NA,NA,NA,NA,F22 N13,Wheat - Sft Rd Wtr/Spring Oats,92.03351378,264.827569,2.877512312
202231 HILLSBORO FARMS,2020,F8 N33,NA,NA,NA,NA,NA,F8 N33,Other,31.28690852,32.10086349,1.026015832
202231 HILLSBORO FARMS,2019,F3 N25,NA,NA,NA,NA,NA,F3 N25,Grass - Bent,0.022288107,0.080746773,3.622863654
202231 HILLSBORO FARMS,2019,F4 SE36,NA,NA,NA,NA,NA,F4 SE36,Grass - Bent,0.387801528,1.399561519,3.608963395
202231 HILLSBORO FARMS,2019,F6b NE31,NA,NA,NA,NA,NA,F6b NE31,Grass - Bent,14.51152208,61.95095899,4.269087601
202231 HILLSBORO FARMS,2018,F13 SW31,NA,NA,NA,NA,NA,F13 SW31,Other,53.75348053,178.5254244,3.321188185
202231 HILLSBORO FARMS,2018,F3 N25,NA,NA,NA,NA,NA,F3 N25,Wheat - Sft Rd Wtr,99.27158732,513.6102488,5.173789023
202231 HILLSBORO FARMS,2018,F3b NW25,NA,NA,NA,NA,NA,F3b NW25,Wheat - Sft Rd Wtr,23.79366886,145.3686444,6.109551465
202231 HILLSBORO FARMS,2018,F4 SE36,NA,NA,NA,NA,NA,F4 SE36,Wheat - Sft Rd Wtr,85.31313824,433.2554668,5.078414366
202231 HILLSBORO FARMS,2018,F4b SW36,NA,NA,NA,NA,NA,F4b SW36,Wheat - Sft Rd Wtr,14.86779022,72.93110425,4.905308936
202231 HILLSBORO FARMS,2018,F4c S SW36,NA,NA,NA,NA,NA,F4c S SW36,Wheat - Sft Rd Wtr,10.48484735,58.62446577,5.591351386
202231 HILLSBORO FARMS,2018,F6b NE31,NA,NA,NA,NA,NA,F6b NE31,Grass - Bent,1.161768926,0.847564203,0.729546284
