Grower,Farm,Year,FieldName,FieldName_original,Crop,Variety,Date,SeededAcres,Acres,Weight_lbs,Volume_bu,Yield_buac,Use,Notes
202204 SHANE STROEDER,Ashworth Ag Co,2022,Allans east,Allans east,Canola,,,,,283251,,34,TRUE,
202204 SHANE STROEDER,Ashworth Ag Co,2022,Allans west,Allans west,Canola,,,,,282357,,35,TRUE,
202204 SHANE STROEDER,Ashworth Ag Co,2022,Behind Cicels,Behind Cicels,Canola,,,,,582865,,35,TRUE,
202204 SHANE STROEDER,Ashworth Ag Co,2022,Bobs Deeds,Bobs Deeds,Durum,,,,,537549,,56,TRUE,
202204 SHANE STROEDER,Ashworth Ag Co,2022,Bobs East Half,Bobs East Half,Durum,,,,,1053851,,56,TRUE,
202204 SHANE STROEDER,Ashworth Ag Co,2022,Bobs home,Bobs home,Durum,,,,,1167007,,65,TRUE,
202204 SHANE STROEDER,Ashworth Ag Co,2022,Burgers,Burgers,Canola,,,,,1352878,,34,TRUE,
202204 SHANE STROEDER,Ashworth Ag Co,2022,Cicels east,Cicels east,Canola,,,,,271802,,35,TRUE,
202204 SHANE STROEDER,Ashworth Ag Co,2022,Cicels home half,Cicels home half,Canola,,,,,462424,,31,TRUE,
202204 SHANE STROEDER,Ashworth Ag Co,2022,Fats oil bin,Fats oil bin,Durum,,,,,1003980,,59,TRUE,
202204 SHANE STROEDER,Ashworth Ag Co,2022,Geralds,Geralds,Durum,,,,,87978,,8,FALSE,Two crops from same field
202204 SHANE STROEDER,Ashworth Ag Co,2022,Geralds north,Geralds north,Barley,,,,,864987,,160,FALSE,Two crops from same field
202204 SHANE STROEDER,Ashworth Ag Co,2022,Herbs,Herbs,Canola,,,,,426483,,25,TRUE,
202204 SHANE STROEDER,Ashworth Ag Co,2022,Home half,Home half,Durum,,,,,701701,,40,TRUE,
202204 SHANE STROEDER,Ashworth Ag Co,2022,Kenny 60acre,Kenny 60acre,Durum,,,,,143660,,39,TRUE,
202204 SHANE STROEDER,Ashworth Ag Co,2022,Kennys East,Kennys East,Durum,,,,,1240351,,42,TRUE,
202204 SHANE STROEDER,Ashworth Ag Co,2022,Klaybos,Klaybos,Durum,,,,,NA,,NA,FALSE,
202204 SHANE STROEDER,Ashworth Ag Co,2022,L field,L field,Durum,,,,,1799406,,63,TRUE,
202204 SHANE STROEDER,Ashworth Ag Co,2022,Lloyds east,Lloyds east,Canola,,,,,139269,,18,TRUE,
202204 SHANE STROEDER,Ashworth Ag Co,2022,Lloyds home,Lloyds home,Canola,,,,,150426,,18,TRUE,
202204 SHANE STROEDER,Ashworth Ag Co,2022,Lloyds nw,Lloyds nw,Canola,,,,,175415,,22,TRUE,
202204 SHANE STROEDER,Ashworth Ag Co,2022,Lornas north,Lornas north,Canola,,,,,826215,,38,TRUE,
202204 SHANE STROEDER,Ashworth Ag Co,2022,Lornas South,Lornas South,Canola,,,,,764701,,41,TRUE,
202204 SHANE STROEDER,Ashworth Ag Co,2022,Mesabi,Mesabi,Durum,,,,,2466119,,64,TRUE,
202204 SHANE STROEDER,Ashworth Ag Co,2022,Murhheads north,Murhheads north,Mustard,,,,,216342,,26,TRUE,
202204 SHANE STROEDER,Ashworth Ag Co,2022,Murhheads south,Murhheads south,Mustard,,,,,253028,,30,TRUE,
202204 SHANE STROEDER,Ashworth Ag Co,2022,Murhheads west,Murhheads west,Mustard,,,,,221718,,27,TRUE,
202204 SHANE STROEDER,Ashworth Ag Co,2022,North of Food Grains,North of Food Grains,Durum,,,,,1143235,,68,TRUE,
202204 SHANE STROEDER,Ashworth Ag Co,2022,Parns,Parns,Durum,,,,,970408,,34,TRUE,
202204 SHANE STROEDER,Ashworth Ag Co,2022,Phylis section 10,Phylis section 10,Durum,,,,,1431149,,47,TRUE,
202204 SHANE STROEDER,Ashworth Ag Co,2022,Ratcliff,Ratcliff,Durum,,,,,369478,,56,TRUE,
202204 SHANE STROEDER,Ashworth Ag Co,2022,School land,School land,Durum,,,,,814226,,40,TRUE,
202204 SHANE STROEDER,Ashworth Ag Co,2022,South east Giebs,South east Giebs,Canola,,,,,122158,,19,TRUE,
202204 SHANE STROEDER,Ashworth Ag Co,2022,South Giebs,South Giebs,Canola,,,,,245814,,30,TRUE,
202204 SHANE STROEDER,Ashworth Ag Co,2022,Franklins by lornas,Franklins by lornas,Barley,,,,,1040213,,81,TRUE,
202204 SHANE STROEDER,Ashworth Ag Co,2022,Franklins Half pump,Franklins Half pump,Barley,,,,,1389305,,87,TRUE,
202204 SHANE STROEDER,Ashworth Ag Co,2022,Franklins single,Franklins single,Barley,,,,,684163,,76,TRUE,
202204 SHANE STROEDER,Ashworth Ag Co,2022,Harry L,Harry L,Canola,,,,,NA,,NA,FALSE,
202204 SHANE STROEDER,Ashworth Ag Co,2022,Johnsons,Johnsons,Durum,,,,,NA,,NA,FALSE,
202204 SHANE STROEDER,Ashworth Ag Co,2022,Kennys Home,Kennys Home,Durum,,,,,1436246,,28,TRUE,
202204 SHANE STROEDER,Ashworth Ag Co,2022,Kennys SE,Kennys SE,Durum,,,,,743401,,46,TRUE,
202204 SHANE STROEDER,Ashworth Ag Co,2022,Kevins,Kevins,Durum,,,,,928283,,44,TRUE,
202204 SHANE STROEDER,Ashworth Ag Co,2022,McNeils,McNeils,Mustard,,,,,683006,,30,TRUE,
202204 SHANE STROEDER,Ashworth Ag Co,2022,Melbys Single,Melbys Single,Canola,,,,,372427,,46,TRUE,
202204 SHANE STROEDER,Ashworth Ag Co,2022,North of Kens nw34,North of Kens nw34,Canola,,,,,353364,,21,TRUE,
202204 SHANE STROEDER,Ashworth Ag Co,2022,North of kens nw35,North of kens nw35,Canola,,,,,402470,,27,TRUE,
202204 SHANE STROEDER,Ashworth Ag Co,2022,Ushers Yard,Ushers Yard,Canola,,,,,646247,,45,TRUE,
202221 ABERHART FARMS INC,Hillwell Farms,2021,15,15,Canola,LL - InVigor L233P,2021-09-11,156,158.05,,5320.89,34.16,TRUE,
202221 ABERHART FARMS INC,Hillwell Farms,2021,15,15,Canola,LL - InVigor L233P,2021-09-11,156,156,,5983,38.35,TRUE,
202221 ABERHART FARMS INC,Hillwell Farms,2022,15,15,Wheat,HRS - AAC Wheatland VB,2022-09-06,140,140,,8946,63.9,TRUE,
202221 ABERHART FARMS INC,Aberhart Farms,2021,24,24,Peas,Green - CDC Striker,2021-08-04,153,153,,4171,27.26,TRUE,
202221 ABERHART FARMS INC,Aberhart Farms,2022,24,24,Canola,LL - Invigor L340PC,2022-10-09,153,153,,7497,49,TRUE,
202221 ABERHART FARMS INC,Hillwell Farms,2022,15 Breaking,15 Breaking,Oats,Milling - CS Camden,2022-09-28,18,18,,1942.2,107.9,TRUE,
202221 ABERHART FARMS INC,Aberhart Farms,2021,25 Creek,25 Creek,Barley,2 Row Malt - AAC Synergy,2021-08-13,239,239,,14232,59.55,TRUE,
202221 ABERHART FARMS INC,Aberhart Farms,2022,25 Creek,25 Creek,Canola,LL - Invigor L340PC,2022-10-09,222,237,,11684.1,49.3,TRUE,
202221 ABERHART FARMS INC,Hillwell Farms,2021,Altmans L,Altmans L,Canola,LL - Invigor L340PC,2021-09-14,440,477.57,,14999.3,40.88,TRUE,
202221 ABERHART FARMS INC,Hillwell Farms,2021,Altmans L,Altmans L,Canola,LL - Invigor L340PC,2021-09-14,440,457,,17988,39.36,TRUE,
202221 ABERHART FARMS INC,Hillwell Farms,2022,Altmans L,Altmans L,Wheat,HRS - AAC Wheatland VB,2022-10-01,440,440,,29876,67.9,TRUE,
202221 ABERHART FARMS INC,Hillwell Farms,2021,Barrys,Barrys,Canola,LL - Invigor L340PC,2021-09-14,309,309,,11124,36,TRUE,
202221 ABERHART FARMS INC,Hillwell Farms,2022,Barrys,Barrys,Wheat,HRS - AAC Starbuck VB,2022-09-30,282,282,,18894,67,TRUE,
202221 ABERHART FARMS INC,Aberhart Farms,2021,Bennett Half,Bennett Half,Barley,2 Row Malt - AAC Synergy,2021-08-08,304,285.04,,16656.51,59.33,TRUE,
202221 ABERHART FARMS INC,Aberhart Farms,2021,Bennett Half,Bennett Half,Barley,2 Row Malt - AAC Synergy,2021-08-12,304,304,,20301,66.78,TRUE,
202221 ABERHART FARMS INC,Aberhart Farms,2022,Bennett Half,Bennett Half,Canola,LL - Invigor L340PC,2022-10-14,296,296,,11307.2,38.2,TRUE,
202221 ABERHART FARMS INC,Hillwell Farms,2021,Bills,Bills,Canola,LL - Invigor L340PC,2021-09-12,163,163,,6685,41.01,TRUE,
202221 ABERHART FARMS INC,Hillwell Farms,2022,Bills,Bills,Wheat,HRS - AAC Starbuck VB,2022-10-02,160,160,,8976,56.1,TRUE,
202221 ABERHART FARMS INC,Single Owner,2021,Bobs Half,Bobs Half,Canola,LL,2021-09-17,207,207,,9875,47.71,TRUE,
202221 ABERHART FARMS INC,Ken and Wayne Adams,2021,Border Quarter,Border Quarter,Canola,LL - InVigor L255PC,2021-09-21,117,117,,3988,34.09,TRUE,
202221 ABERHART FARMS INC,Ken and Wayne Adams,2022,Border Quarter,Border Quarter,Canola,LL - Invigor L340PC,2022-09-26,117,118,,4637.4,39.3,TRUE,
202221 ABERHART FARMS INC,Single Owner,2021,Brent Half,Brent Half,Canola,LL,2021-09-17,220.4,251.65,,9238.22,36.89,TRUE,
202221 ABERHART FARMS INC,Single Owner,2021,Brent Half,Brent Half,Canola,LL,2021-09-17,220.4,220.4,,11135,50.52,TRUE,
202221 ABERHART FARMS INC,Single Owner,2022,Brent Half,Brent Half,Barley,2 Row Malt - AAC Synergy,2022-09-02,233,233,,29334.7,125.9,TRUE,
202221 ABERHART FARMS INC,Aberhart Farms,2021,Brians Half,Brians Half,Canola,LL - Invigor L357P,2021-09-08,214,214,,10702,50.01,TRUE,
202221 ABERHART FARMS INC,Aberhart Farms,2022,Brians Half,Brians Half,Barley,2 Row Malt - AAC Synergy,2022-09-03,210,210,,21294,101.4,TRUE,
202221 ABERHART FARMS INC,Aberhart Farms,2021,Bush Quarter,Bush Quarter,Barley,2 Row Malt - CDC Bow,2021-08-13,161,161,,8881,55.16,TRUE,
202221 ABERHART FARMS INC,Aberhart Farms,2022,Bush Quarter,Bush Quarter,Canola,LL - Invigor L356PC,NA,153,NA,,NA,NA,TRUE,
202221 ABERHART FARMS INC,Single Owner,2021,Carls,Carls,Canola,LL - Invigor L340PC,2021-09-12,119,119,,3967,33.34,TRUE,
202221 ABERHART FARMS INC,Single Owner,2022,Carls,Carls,Wheat,HRS - AAC Starbuck VB,2022-10-02,120,120,,6408,53.4,TRUE,
202221 ABERHART FARMS INC,Single Owner,2021,Cliff,Cliff,Peas,Green - CDC Striker,2021-08-16,219,222,,7348,33.1,TRUE,
202221 ABERHART FARMS INC,Single Owner,2022,Cliff,Cliff,Canola,LL - Invigor L340PC,2022-09-27,222,222,,10966.8,49.4,TRUE,
202221 ABERHART FARMS INC,Cantara Capital,2021,Dad Quarter,Dad Quarter,Wheat,HRS,2021-09-03,164,164,,7919,48.29,TRUE,
202221 ABERHART FARMS INC,Aberhart Farms,2022,Dad Quarter,Dad Quarter,Canola,LL - Invigor L340PC,2022-10-05,160,155,,7331.5,47.3,TRUE,
202221 ABERHART FARMS INC,Aberhart Farms,2021,Dancing East,Dancing East,Canola,LL - InVigor L255PC,2021-09-15,117.1,118,,2683,22.74,TRUE,
202221 ABERHART FARMS INC,Aberhart Farms,2022,Dancing East,Dancing East,Oats,Milling - CS Camden,2022-09-29,117.1,117,,13700.7,117.1,TRUE,
202221 ABERHART FARMS INC,Aberhart Farms,2021,Dancing Half,Dancing Half,Canola,LL - InVigor L255PC,2021-09-15,208,208,,6683,32.13,TRUE,
202221 ABERHART FARMS INC,Aberhart Farms,2022,Dancing Half,Dancing Half,Oats,Milling - CS Camden,2022-09-28,220,220,,26708,121.4,TRUE,
202221 ABERHART FARMS INC,Aberhart Farms,2021,Dancing L Block,Dancing L Block,Canola,LL - InVigor L255PC,2021-09-15,214,225.81,,4276.59,19.23,TRUE,
202221 ABERHART FARMS INC,Aberhart Farms,2021,Dancing L Block,Dancing L Block,Canola,LL - InVigor L255PC,2021-09-16,214,214,,5047,23.58,TRUE,
202221 ABERHART FARMS INC,Aberhart Farms,2022,Dancing L Block,Dancing L Block,Oats,Milling - CS Camden,2022-09-29,214,214,,24567.2,114.8,TRUE,
202221 ABERHART FARMS INC,Aberhart Farms,2022,Dancing L Breaking,Dancing L Block Breaking,Canola,LL - Invigor L340PC,2022-10-14,98,98,,3234,33,TRUE,
202221 ABERHART FARMS INC,Aberhart Farms,2021,Dancing West,Dancing West,Canola,LL - InVigor L255PC,2021-09-15,119,125.27,,2230.93,18.5,TRUE,
202221 ABERHART FARMS INC,Aberhart Farms,2021,Dancing West,Dancing West,Canola,LL - InVigor L255PC,2021-09-15,119,119,,2704,22.72,TRUE,
202221 ABERHART FARMS INC,Aberhart Farms,2022,Dancing West,Dancing West,Oats,Milling - CS Camden,2022-09-13,117.1,114,,14854.2,130.3,TRUE,
202221 ABERHART FARMS INC,Hillwell Farms,2021,Daryl Home Sec,Daryl Home Sec,Canola,LL - Invigor L340PC,2021-09-13,593,593,,22848,38.53,TRUE,
202221 ABERHART FARMS INC,Hillwell Farms,2022,Daryl Home Sec,Daryl Home Sec,Wheat,HRS - AAC Starbuck VB,2022-10-03,162,600,,35460,59.1,TRUE,
202221 ABERHART FARMS INC,David Schepp,2021,David,David,Barley,2 Row Malt - AAC Synergy,2021-08-08,275,293,,18669,63.72,TRUE,
202221 ABERHART FARMS INC,David Schepp,2022,David Manitoba Half,David Manitoba Half,Canola,LL - Invigor L356PC,2022-10-11,287,287,,10590.3,36.9,TRUE,
202221 ABERHART FARMS INC,David Schepp,2021,Davids and Hermans S,Davids and Hermans S,Barley,2 Row Malt,2021-08-07,530,530,,33486,63.18,TRUE,
202221 ABERHART FARMS INC,David Schepp,2022,Davids and Hermans S,Davids and Hermans S,Canola,LL - Invigor L356PC,2022-10-10,512,512,,20736,40.5,TRUE,
202221 ABERHART FARMS INC,Cantara Capital,2021,Decock Home Half,Decock Home Half,Wheat,HRS - AAC Starbuck VB,2021-09-04,238,238,,11991,50.38,TRUE,
202221 ABERHART FARMS INC,Aberhart Farms,2022,Decock Home Half,Decock Home Half,Canola,LL - Invigor L340PC,2022-10-04,230,230,,11178,48.6,TRUE,
202221 ABERHART FARMS INC,Bahsler Farms,2021,Ditch Field,Ditch Field,Peas,Yellow - AAC Chrome Variety,2021-08-14,155,152,,7119,46.84,TRUE,
202221 ABERHART FARMS INC,Bahsler Farms,2022,Ditch Field,Ditch Field,Canola,LL - Invigor L340PC,2022-09-27,158,155,,6246.5,40.3,TRUE,
202221 ABERHART FARMS INC,Hillwell Farms,2021,Dwayne Home Sec,Dwayne Home Sec,Canola,LL - InVigor L233P,2021-09-09,636,671.87,,20906.7,31.4,TRUE,
202221 ABERHART FARMS INC,Hillwell Farms,2021,Dwayne Home Sec,Dwayne Home Sec,Canola,LL - InVigor L233P,2021-09-09,636,636,,23186,36.46,TRUE,
202221 ABERHART FARMS INC,Hillwell Farms,2022,Dwayne Home Sec,Dwayne Home Sec,Wheat,HRS - AAC Wheatland VB,2022-09-05,618,618,,37018.2,59.9,TRUE,
202221 ABERHART FARMS INC,Hillwell Farms,2021,Dwayne North Sec,Dwayne North Sec,Canola,LL - InVigor L233P,2021-09-11,650,650,,21814,33.56,TRUE,
202221 ABERHART FARMS INC,Hillwell Farms,2022,Dwayne North Sec,Dwayne North Sec,Wheat,HRS - AAC Wheatland VB,2022-09-04,632,632,,37224.8,58.9,TRUE,
202221 ABERHART FARMS INC,Cantara Capital,2021,Elevator Half,Elevator Half,Wheat,HRS - AAC Wheatland VB,2021-08-19,305,325.05,,14952.31,47.32,TRUE,
202221 ABERHART FARMS INC,Cantara Capital,2021,Elevator Half,Elevator Half,Wheat,HRS - AAC Wheatland VB,2021-08-30,305,302,,13465,44.59,TRUE,
202221 ABERHART FARMS INC,Aberhart Farms,2022,Elevator Half,Elevator Half,Canola,LL - Invigor L340PC,2022-10-03,305,294,,12612.6,42.9,TRUE,
202221 ABERHART FARMS INC,Hillwell Farms,2021,Ellinghams,Ellinghams,Canola,LL - InVigor L233P,2021-09-11,154,155,,6057,39.08,TRUE,
202221 ABERHART FARMS INC,Hillwell Farms,2022,Ellinghams,Ellinghams,Wheat,HRS - AAC Wheatland VB,2022-09-09,151,151,,8803.3,58.3,TRUE,
202221 ABERHART FARMS INC,Single Owner,2021,Garths Home,Garths Home,Canola,LL - Invigor L357P,2021-09-08,128,127,,5495,43.27,TRUE,
202221 ABERHART FARMS INC,Single Owner,2022,Garths Home,Garths Home,Barley,2 Row Malt - AAC Synergy,2022-09-03,122,122,,13773.8,112.9,TRUE,
202221 ABERHART FARMS INC,Aberhart Farms,2021,Garths Old Quarter,Garths Old Quarter,Canola,LL - Invigor L357P,2021-09-08,158,160,,7549,47.18,TRUE,
202221 ABERHART FARMS INC,Aberhart Farms,2022,Garths Old Quarter,Garths Old Quarter,Barley,2 Row Malt - AAC Synergy,2022-08-30,210,158,,15942.2,100.9,TRUE,
202221 ABERHART FARMS INC,Hillwell Farms,2021,Gerber's,Gerber's,Barley,2 Row Malt - AAC Synergy,2021-08-13,152,155,,9331,60.2,TRUE,
202221 ABERHART FARMS INC,Hillwell Farms,2022,Gerber's,Gerber's,Canola,LL - Invigor L356PC,2022-10-12,155,,,6116.297,40.7753,TRUE,
202221 ABERHART FARMS INC,Aberhart Farms,2021,Gopherville Block,Gopherville Block,Canola,LL - Invigor L340PC,2021-09-12,473,473,,21769,46.02,TRUE,
202221 ABERHART FARMS INC,Aberhart Farms,2022,Gopherville Block,Gopherville Block,Peas,Yellow - CDC Lewechko,2022-09-14,443,443,,24542.2,55.4,TRUE,
202221 ABERHART FARMS INC,Bahsler Farms,2021,Gordon Home Half,Gordon Home Half,Peas,Yellow - AAC Chrome Variety,2021-08-15,251,251,,9580,38.17,TRUE,
202221 ABERHART FARMS INC,Bahsler Farms,2022,Gordon Home Half,Gordon Home Half,Canola,LL - Invigor L340PC,2022-10-08,250,250,,10050,40.2,TRUE,
202221 ABERHART FARMS INC,Aberhart Farms,2021,Goudys Home North,Goudys Home North,Wheat,HRS - CDC Landmark VB,2021-08-17,502,525.29,,25717.08,49.81,TRUE,
202221 ABERHART FARMS INC,Aberhart Farms,2021,Goudys Home North,Goudys Home North,Wheat,HRS - CDC Landmark VB,2021-08-17,502,502,,25511,50.82,TRUE,
202221 ABERHART FARMS INC,Aberhart Farms,2022,Goudys Home North,Goudys Home North,Canola,LL - Invigor L357P,2022-10-12,470,470,,19411,41.3,TRUE,
202221 ABERHART FARMS INC,Aberhart Farms,2022,Goudys Home North,Goudys Home North,Canola,NA,NA,518.23,NA,,NA,NA,TRUE,
202221 ABERHART FARMS INC,Aberhart Farms,2021,Goudys Home South,Goudys Home South,Wheat,HRS - CDC Landmark VB,2021-08-17,428,428,,23026,53.799,TRUE,
202221 ABERHART FARMS INC,Aberhart Farms,2022,Goudys Home South,Goudys Home South,Canola,LL - Invigor L340PC,2022-10-13,421,421,,19702.8,46.8,TRUE,
202221 ABERHART FARMS INC,Aberhart Farms,2021,Goudys North Section,Goudys North Section,Wheat,HRS - CDC Landmark VB,2021-08-18,642,636,,31462,49.47,TRUE,
202221 ABERHART FARMS INC,Aberhart Farms,2022,Goudys North Section,Goudys North Section,Canola,LL - Invigor L357P,2022-10-14,594,594,,24948,42,TRUE,
202221 ABERHART FARMS INC,Aberhart Farms,2021,Gravel Pile,Gravel Pile,Canola,LL - Invigor L340PC,2021-09-08,229,229,,10697,46.71,TRUE,
202221 ABERHART FARMS INC,Aberhart Farms,2022,Gravel Pile,Gravel Pile,Wheat,HRS - AAC Wheatland VB,2022-09-06,215,215,,12319.5,57.3,TRUE,
202221 ABERHART FARMS INC,Hillwell Farms,2021,Gus,Gus,Wheat,HRS - AAC Wheatland VB,2021-08-19,159,159,,6640,41.76,TRUE,
202221 ABERHART FARMS INC,Hillwell Farms,2022,Gus,Gus,Canola,LL - Invigor L340PC,2022-10-04,149,149,,6436.8,43.2,TRUE,
202221 ABERHART FARMS INC,Aberhart Farms,2021,Harrowby Quater,Harrowby Quarter,Barley,2 Row Malt - AAC Synergy,2021-08-13,110,115,,8561,74.44,TRUE,
202221 ABERHART FARMS INC,Aberhart Farms,2022,Harrowby Quarter,Harrowby Quarter,Canola,LL - Invigor L340PC,NA,115,NA,,NA,NA,TRUE,
202221 ABERHART FARMS INC,Halwas Farms,2021,Hay Plant,Hay Plant,Canola,LL - InVigor L233P,2021-09-19,475,475,,21246,44.73,TRUE,
202221 ABERHART FARMS INC,Halwas Farms,2022,Hay Plant,Hay Plant,Barley,2 Row Malt - AAC Synergy,2022-09-01,210,466,,56246.2,120.7,TRUE,
202221 ABERHART FARMS INC,Aberhart Farms,2021,Home Block,Home Block,Peas,Green - CDC Striker,2021-08-03,317,317,,9894,31.21,TRUE,
202221 ABERHART FARMS INC,Aberhart Farms,2022,Home Block,Home Block,Canola,LL - Invigor L340PC,2022-10-14,335,335,,15812,47.2,TRUE,
202221 ABERHART FARMS INC,Hillwell Farms,2021,Joe's,Joe's,Canola,LL,2021-09-10,162,162,,5711,35.25,TRUE,
202221 ABERHART FARMS INC,Hillwell Farms,2022,Joe's,Joe's,Wheat,HRS - AAC Wheatland VB,2022-09-05,160,160,,9168,57.3,TRUE,
202221 ABERHART FARMS INC,Aberhart Farms,2021,Johnson Marchwell,Johnson Marchwell,Peas,Green - CDC Striker,2021-08-16,163,165,,5386,32.64,TRUE,
202221 ABERHART FARMS INC,Aberhart Farms,2022,Johnson Marchwell,Johnson Marchwell,Canola,LL - Invigor L340PC,2022-10-07,163,165,,8910,54,TRUE,
202221 ABERHART FARMS INC,Hillwell Farms,2021,Jonnys,Jonnys,Barley,2 Row Malt - AAC Synergy,2021-08-13,150,157.65,,7577.64,48.67,TRUE,
202221 ABERHART FARMS INC,Hillwell Farms,2021,Jonnys,Jonnys,Barley,2 Row Malt - AAC Synergy,2021-08-14,150,153,,7438,48.61,TRUE,
202221 ABERHART FARMS INC,Hillwell Farms,2022,Jonnys,Jonnys,Canola,LL - Invigor L340PC,NA,153,NA,,NA,NA,TRUE,
202221 ABERHART FARMS INC,Cantara Capital,2021,Kammameyer Half,Kammameyer Half,Wheat,HRS,2021-09-03,300,309,,14527,47.01,TRUE,
202221 ABERHART FARMS INC,Aberhart Farms,2022,Kammameyer Half,Kammameyer Half,Canola,LL - Invigor L340PC,2022-10-05,300,300,,13680,45.6,TRUE,
202221 ABERHART FARMS INC,Ken and Wayne Adams,2021,Ken home,Ken home,Peas,Yellow - AAC Chrome Variety,2021-08-15,137,137,,5419,39.55,TRUE,
202221 ABERHART FARMS INC,Ken and Wayne Adams,2022,Ken home,Ken home,Canola,LL - Invigor L340PC,2022-09-26,137,137,,5699.2,41.6,TRUE,
202221 ABERHART FARMS INC,Rob Bryer,2021,Kilman Sign,Kilman Sign,Wheat,HRS - CDC Landmark VB,2021-09-05,156,153.76,,6418.35,42.91,TRUE,
202221 ABERHART FARMS INC,Rob Bryer,2021,Kilman Sign,Kilman Sign,Wheat,HRS - CDC Landmark VB,2021-09-05,156,156,,6067,38.89,TRUE,
202221 ABERHART FARMS INC,Rob Bryer,2022,Kilman Sign,Kilman Sign,Canola,LL - Invigor L356PC,2022-09-24,141,141,,6471.9,45.9,TRUE,
202221 ABERHART FARMS INC,Rob Bryer,2021,Lake Half,Lake Half,Wheat,HRS - CDC Landmark VB,2021-09-07,260,260,,14213,54.67,TRUE,
202221 ABERHART FARMS INC,Rob Bryer,2022,Lake Half,Lake Half,Canola,LL - Invigor L356PC,2022-09-25,255,255,,12699,49.8,TRUE,
202221 ABERHART FARMS INC,Rob Bryer,2021,Mac Home,Mac Home,Canola,LL - InVigor L255PC,2021-09-22,125,125,,5096,40.77,TRUE,
202221 ABERHART FARMS INC,Rob Bryer,2022,Mac Home,Mac Home,Wheat,HRS - AAC Starbuck VB,2022-09-30,128,128,,8921.6,69.7,TRUE,
202221 ABERHART FARMS INC,Rob Bryer,2021,Mac L Field,Mac L Field,Canola,LL - InVigor L255PC,2021-09-22,553,553,,22079,39.93,TRUE,
202221 ABERHART FARMS INC,Rob Bryer,2022,Mac L Field,Mac L Field,Wheat,HRS - AAC Wheatland VB,2022-09-18,546,546,,40567.8,74.3,TRUE,
202221 ABERHART FARMS INC,Cantara Capital,2021,Mitchke Section,Mitschke Section,Wheat,HRS - CDC Landmark VB,2021-08-31,641,641,,27800,43.37,TRUE,
202221 ABERHART FARMS INC,Aberhart Farms,2022,Mitchke Section,Mitschke Section,Canola,LL - Invigor L340PC,2022-10-07,624,620,,28892,46.6,TRUE,
202221 ABERHART FARMS INC,Ken and Wayne Adams,2021,Nerbas Quarter,Nerbas Quarter,Peas,Yellow - AAC Carver,2021-08-05,154,154,,3542,23,TRUE,
202221 ABERHART FARMS INC,Ken and Wayne Adams,2022,Nerbas Quarter,Nerbas Quarter,Canola,LL - Invigor L340PC,2022-09-26,152,152,,6338.4,41.7,TRUE,
202221 ABERHART FARMS INC,Ken and Wayne Adams,2021,Orchard Quarter,Orchard Quarter,Wheat,HRS - CDC Landmark VB,2021-09-04,161,140,,4041,28.86,TRUE,
202221 ABERHART FARMS INC,Ken and Wayne Adams,2022,Orchard Quarter,Orchard Quarter,Canola,LL - Invigor L340PC,2022-09-27,137,137,,6260.9,45.7,TRUE,
202221 ABERHART FARMS INC,Ken and Wayne Adams,2021,Philips Quarter,Philips Quarter,Peas,Yellow - AAC Carver,2021-08-02,158,158,,5167,32.7,TRUE,
202221 ABERHART FARMS INC,Ken and Wayne Adams,2022,Philips Quarter,Philips Quarter,Canola,LL - Invigor L340PC,2022-09-26,152,152,,7797.6,51.3,TRUE,
202221 ABERHART FARMS INC,Aberhart Farms,2021,Railway Field,Railway Field,Canola,LL - InVigor L255PC,2021-09-16,65,65,,1725,26.54,TRUE,
202221 ABERHART FARMS INC,Aberhart Farms,2022,Railway Field,Railway Field,Oats,Milling - CS Camden,2022-09-29,65,65,,7644,117.6,TRUE,
202221 ABERHART FARMS INC,Aberhart Farms,2022,Railway Breaking,Railway Breaking,Canola,LL - Invigor L340PC,2022-10-14,41,41,,1562.1,38.1,TRUE,
202221 ABERHART FARMS INC,Halwas Farms,2021,Ron Home,Ron Home,Canola,LL - InVigor L255PC,2021-09-18,145,142,,6299,44.36,TRUE,
202221 ABERHART FARMS INC,Halwas Farms,2022,Ron Home,Ron Home,Barley,2 Row Malt - AAC Synergy,2022-09-02,135,135,,14350.5,106.3,TRUE,
202221 ABERHART FARMS INC,Halwas Farms,2021,Ron North Half,Ron North Half,Canola,LL - InVigor L233P,2021-09-18,221,221,,10591,47.92,TRUE,
202221 ABERHART FARMS INC,Halwas Farms,2022,Ron North Half,Ron North Half,Barley,2 Row Malt - AAC Synergy,2022-09-01,213,213,,21534.3,101.1,TRUE,
202221 ABERHART FARMS INC,Rob Bryer,2021,Russin L Field,Russin L Field,Canola,LL,2021-09-22,465,465,,16196,34.83,TRUE,
202221 ABERHART FARMS INC,Rob Bryer,2022,Russin L Field,Russin L Field,Wheat,HRS - AAC Wheatland VB,2022-09-08,465,465,,35572.5,76.5,TRUE,
202221 ABERHART FARMS INC,Rob Bryer,2021,Russin South Half,Russin South Half,Canola,LL - InVigor L255PC,2021-09-20,304,304,,11271,37.08,TRUE,
202221 ABERHART FARMS INC,Rob Bryer,2022,Russin South Half,Russin South Half,Wheat,HRS - AAC Wheatland VB,2022-09-07,282,282,,23462.4,83.2,TRUE,
202221 ABERHART FARMS INC,Cantara Capital,2021,Town Half,Town Half,Wheat,HRS - AAC Wheatland VB,2021-08-30,301,260,,12198,46.92,TRUE,
202221 ABERHART FARMS INC,Aberhart Farms,2022,Town Half,Town Half,Canola,LL - Invigor L340PC,2022-10-04,258,253,,11865.7,46.9,TRUE,
202221 ABERHART FARMS INC,Ken and Wayne Adams,2021,Waynes Quarter,Waynes Quarter,Wheat,HRS,2021-09-05,300,162,,12041,74.33,TRUE,
202221 ABERHART FARMS INC,Ken and Wayne Adams,2022,Waynes Quarter,Waynes Quarter,Canola,LL - Invigor L340PC,2022-09-26,150,150,,6645,44.3,TRUE,
202221 ABERHART FARMS INC,Rob Bryer,2021,West of 482,West of 482,Wheat,HRS,2021-09-05,614,324.19,,16021.66,50.28,TRUE,
202221 ABERHART FARMS INC,Rob Bryer,2021,West of 482,West of 482,Wheat,HRS,2021-09-06,614,314,,15273,48.64,TRUE,
202221 ABERHART FARMS INC,Rob Bryer,2022,West of 482,West of 482,Canola,LL - Invigor L356PC,2022-09-25,307,303,,15665.1,51.7,TRUE,
202221 ABERHART FARMS INC,Rob Bryer,2021,West of Kilman Sign,West of Kilman Sign,Wheat,HRS - CDC Landmark VB,2021-09-05,240,240,,10401,43.34,TRUE,
202221 ABERHART FARMS INC,Rob Bryer,2022,West of Kilman Sign,West of Kilman Sign,Canola,LL - Invigor L356PC,2022-09-22,230,221,,11425.7,51.7,TRUE,
202221 ABERHART FARMS INC,Hillwell Farms,2021,West Place,West Place,Canola,LL - InVigor L233P,2021-09-10,150,165.21,,5359.37,32.99,TRUE,
202221 ABERHART FARMS INC,Hillwell Farms,2021,West Place,West Place,Canola,LL - InVigor L233P,2021-09-10,150,152,,6350,41.78,TRUE,
202221 ABERHART FARMS INC,Hillwell Farms,2022,West Place,West Place,Wheat,HRS - AAC Wheatland VB,2022-09-05,154,154,,8947.4,58.1,TRUE,
202231 HILLSBORO FARMS,,2018,F1 S S11,F1 S S11,Spring Wheat,,2018-10-05,,300,746610.791670561,,41.4784149436269,TRUE,
202231 HILLSBORO FARMS,,2018,F10 SW05,F10 SW05,Peas,,2018-09-28,,102,270524.51096,,44.1,TRUE,
202231 HILLSBORO FARMS,,2018,F12 W21,F12 W21,Canola,,2018-10-22,,317,632827.35252,,39.9,TRUE,
202231 HILLSBORO FARMS,,2018,F14 SE31,F14 SE31,Canola,,2018-10-29,,159,208623.1906,,26.2,TRUE,
202231 HILLSBORO FARMS,,2018,F15 NE24,F15 NE24,Spring Wheat,,NA,,155,567224.47518,,61,TRUE,
202231 HILLSBORO FARMS,,2018,F16 NW24,F16 NW24,Peas,,NA,,145,417854.85632,,48,TRUE,
202231 HILLSBORO FARMS,,2018,F17 SE26,F17 SE26,Canola,,2018-10-25,,153,205699.86448,,26.9,TRUE,
202231 HILLSBORO FARMS,,2018,F18 Sec 04,F18 Sec 04,Canola,,2018-10-22,,624,818460.76576,,26.2,TRUE,
202231 HILLSBORO FARMS,,2018,F19a W11,F19a W11,Peas,,2018-10-01,,46,77598.21476,,28.4,TRUE,
202231 HILLSBORO FARMS,,2018,F19b W11,F19b W11,Canola,,2018-10-23,,118,300064.21434,,31.9,TRUE,
202231 HILLSBORO FARMS,,2018,F19d E11,F19d E11,CWRS,,2018-10-01,,310,1175084.5062,,62.1,TRUE,
202231 HILLSBORO FARMS,,2018,F2 N S11,F2 N S11,Spring Wheat,,2018-10-06,,159,776820.741217002,,81.4278474897937,TRUE,
202231 HILLSBORO FARMS,,2018,F21 SE08,F21 SE08,Canola,,2018-10-24,,157,195915.76092,,25,TRUE,
202231 HILLSBORO FARMS,,2018,F22 N13,F22 N13,Spring Wheat,,2018-10-15,,275,1207141.88562,,73.2,TRUE,
202231 HILLSBORO FARMS,,2018,F25 Wieben,F25 Wieben,Spring Wheat,,2018-10-03,,940,3577057.67936,,63.4,TRUE,
202231 HILLSBORO FARMS,,2018,F26 NW24,F26 NW24,Canola,,2018-10-24,,81,86568.81354,,21.4,TRUE,
202231 HILLSBORO FARMS,,2018,F5 NE05,F5 NE05,Canola,,2018-10-27,,121,142292.890777893,,23.5195140495868,TRUE,
202231 HILLSBORO FARMS,,2018,F6a NW31,F6a NW31,Canola,,NA,,248,507904.76484,,41,TRUE,
202231 HILLSBORO FARMS,,2018,F7 N32,F7 N32,Peas,,2018-09-24,,310,1207644.60550902,,65,TRUE,
202231 HILLSBORO FARMS,,2018,F8 N33,F8 N33,CWRS,,2018-10-20,,273,720366.19886,,44,TRUE,
202231 HILLSBORO FARMS,,2018,F9 SE06,F9 SE06,Peas,,2018-10-30,,75,179938.87978,,39.9,TRUE,
202231 HILLSBORO FARMS,,2019,F1 S S11,F1 S S11,Peas,,2019-10-03,,147,399111.17708,,45.1,TRUE,
202231 HILLSBORO FARMS,,2019,F10 SW05,F10 SW05,CWRS,,2019-10-12,,159,460926.51726,,48.3,TRUE,
202231 HILLSBORO FARMS,,2019,F12 W21,F12 W21,Spring Wheat,,2019-10-14,,315,1196132.01334,,63.3,TRUE,
202231 HILLSBORO FARMS,,2019,F14 SE31,F14 SE31,Spring Wheat,,2020-05-12,,134,384368.88314,,47.7,TRUE,
202231 HILLSBORO FARMS,,2019,F14 SE31,F14 SE31,CWRS,,2020-05-13,,22,47097.29706,,35.7,TRUE,
202231 HILLSBORO FARMS,,2019,F15 NE24,F15 NE24,Canola,,NA,,158,312844.39648,,39.6,TRUE,
202231 HILLSBORO FARMS,,2019,F17 SE26,F17 SE26,CWRS,,2019-11-22,,154,522424.39216,,56.5,TRUE,
202231 HILLSBORO FARMS,,2019,F18 Sec 04,F18 Sec 04,Spring Wheat,,NA,,624,2236214.40922,,59.7,TRUE,
202231 HILLSBORO FARMS,,2019,F19a W11,F19a W11,Canola,,2019-10-30,,92,174136.31994,,37.9,TRUE,
202231 HILLSBORO FARMS,,2019,F19b W11,F19b W11,CWRS,,2019-11-07,,NA,NA,,NA,TRUE,
202231 HILLSBORO FARMS,,2019,F19d E11,F19d E11,Canola,,2019-10-30,,310,605371.01504,,39.1,TRUE,
202231 HILLSBORO FARMS,,2019,F2 N S11,F2 N S11,Peas,,2019-10-01,,158,418392.7836,,44.1,TRUE,
202231 HILLSBORO FARMS,,2019,F21 SE08,F21 SE08,Spring Wheat,,2019-11-05,,151,449832.86942,,49.8,TRUE,
202231 HILLSBORO FARMS,,2019,F22 N13,F22 N13,Peas,,2019-09-24,,276,1027597.63282,,62.1,TRUE,
202231 HILLSBORO FARMS,,2019,F25 Wieben,F25 Wieben,Peas,,2019-10-04,,733,1334619.62788,,30.3,TRUE,
202231 HILLSBORO FARMS,,2019,F26 NW24,F26 NW24,CWRS,,2020-05-13,,49,140160.92112,,47.7,TRUE,
202231 HILLSBORO FARMS,,2019,F5 NE05,F5 NE05,CWRS,,2019-11-23,,120,407162.44932,,56.4,TRUE,
202231 HILLSBORO FARMS,,2019,F6a NW31,F6a NW31,Peas,,2019-09-23,,248,562078.8921,,37.8,TRUE,
202231 HILLSBORO FARMS,,2019,F7 N32,F7 N32,Canola,,2019-10-28,,313,584457.98972,,37.3,TRUE,
202231 HILLSBORO FARMS,,2019,F8 N33,F8 N33,Peas,,2020-05-30,,91,71039.47026,,13.1,TRUE,
202231 HILLSBORO FARMS,,2019,F9 SE06,F9 SE06,Canola,,2019-10-31,,155,242755.11744,,31.3,TRUE,
202231 HILLSBORO FARMS,,2020,F12 W21,F12 W21,Peas,,2020-09-30,,173,38946.81692,,3.7,TRUE,
202231 HILLSBORO FARMS,,2020,F14 SE31,F14 SE31,Peas,,2020-09-29,,151,127572.54092,,14.1,TRUE,
202231 HILLSBORO FARMS,,2020,F15 NE24,F15 NE24,Spring Wheat,,NA,,158,309656.51596,,32.7,TRUE,
202231 HILLSBORO FARMS,,2020,F18 Sec 04,F18 Sec 04,Peas,,2020-09-18,,509,193697.9132,,6.3,TRUE,
202231 HILLSBORO FARMS,,2020,F19d E11,F19d E11,Peas,,2020-10-02,,101,151157.56568,,25,TRUE,
202231 HILLSBORO FARMS,,2020,F22 N13,F22 N13,CWRS,,2020-10-28,,41,71612.67146,,29.1,TRUE,
202231 HILLSBORO FARMS,,2020,F22 N13,F22 N13,Spring Wheat,,2020-10-27,,185,397819.26976,,35.8,TRUE,
202231 HILLSBORO FARMS,,2020,F22 N13,F22 N13,Oats,,2020-10-29,,37,26753.0637,,21.5,TRUE,
202231 HILLSBORO FARMS,,2020,F25 Wieben,F25 Wieben,Oats,,2020-10-29,,39,3432.59334,,2.6,FALSE,Something wrong with these fields
202231 HILLSBORO FARMS,,2020,F25a,F25a,Peas,,2020-10-01,,76,11613.93816,,2.6,FALSE,Something wrong with these fields
202231 HILLSBORO FARMS,,2020,F25b,F25b,Peas,,2020-10-01,,297,58609.8227,,3.3,FALSE,Something wrong with these fields
202231 HILLSBORO FARMS,,2020,F6a NW31,F6a NW31,Spring Wheat,,2020-10-03,,250,531763.16248,,35.5,TRUE,
202231 HILLSBORO FARMS,,2020,F7 N32,F7 N32,Spring Wheat,,2020-10-06,,301,527393.60564,,29.2,TRUE,
202231 HILLSBORO FARMS,,2020,F9 SE06,F9 SE06,Oats,,2020-10-28,,84,79959.36278,,28.1,TRUE,
202231 HILLSBORO FARMS,,2021,F1 S S11,F1 S S11,Canola,,2021-09-30,,148,185278.46942,,25,TRUE,
202231 HILLSBORO FARMS,,2021,F10 SW05,F10 SW05,Winter Wheat,,2021-08-13,,158,451814.8228,,47.7,TRUE,
202231 HILLSBORO FARMS,,2021,F12 W21,F12 W21,Peas,,2021-08-25,,317,476910.01226,,25.1,TRUE,
202231 HILLSBORO FARMS,,2021,F13 SW31,F13 SW31,Winter Wheat,,2021-09-03,,117,180068.95236,,25.7,TRUE,
202231 HILLSBORO FARMS,,2021,F14 SE31,F14 SE31,Canola,,2021-10-02,,157,137857.09322,,17.6,TRUE,
202231 HILLSBORO FARMS,,2021,F15 NE24,F15 NE24,Peas,,2021-08-27,,154,262495.28492,,28.4,TRUE,
202231 HILLSBORO FARMS,,2021,F17 SE26,F17 SE26,Peas,,2021-08-19,,153,238242.2603,,26,TRUE,
202231 HILLSBORO FARMS,,2021,F18 Sec 04,F18 Sec 04,CPSR,,2021-08-28,,624,1682735.73974,,44.9,TRUE,
202231 HILLSBORO FARMS,,2021,F19a W11,F19a W11,Peas,,2021-08-17,,92,120852.85916,,21.9,TRUE,
202231 HILLSBORO FARMS,,2021,F19b W11,F19b W11,Peas,,2021-08-17,,187,370332.0676,,33,TRUE,
202231 HILLSBORO FARMS,,2021,F19d E11,F19d E11,Barley,,2021-08-28,,308,924297.9581,,62.5,TRUE,
202231 HILLSBORO FARMS,,2021,F2 N S11,F2 N S11,Canola,,2021-10-01,,159,200686.5586,,25.2,TRUE,
202231 HILLSBORO FARMS,,2021,F21 SE08,F21 SE08,Canola,,2021-10-09,,158,227629.21962,,28.8,TRUE,
202231 HILLSBORO FARMS,,2021,F22 N13,F22 N13,Canola,,2021-10-02,,276,370649.53288,,26.9,TRUE,
202231 HILLSBORO FARMS,,2021,F25 Wieben,F25 Wieben,CPSR,,2021-09-11,,590,1464169.71294,,41.4,TRUE,
202231 HILLSBORO FARMS,,2021,F25 Wieben,F25 Wieben,CWRS,,2021-09-11,,339,933947.57984,,45.9,TRUE,
202231 HILLSBORO FARMS,,2021,F26 NW24,F26 NW24,Canola,,2021-10-04,,80,83343.45448,,20.8,TRUE,
202231 HILLSBORO FARMS,,2021,F3b NW25,F3b NW25,Canola,,2021-10-02,,60,85706.80712,,28.6,TRUE,
202231 HILLSBORO FARMS,,2021,F4c S SW36,F4c S SW36,Canola,,2021-10-02,,26,33746.11834,,26,TRUE,
202231 HILLSBORO FARMS,,2021,F5 NE05,F5 NE05,Peas,,NA,,115,220739.78212,,32,TRUE,
202231 HILLSBORO FARMS,,2021,F6a NW31,F6a NW31,Canola,,2021-09-25,,250,350256.79788,,28,TRUE,
202231 HILLSBORO FARMS,,2021,F6b NE31,F6b NE31,Barley,,NA,,65,50719.48772,,16.3,TRUE,
202231 HILLSBORO FARMS,,2021,F7 N32,F7 N32,Peas,,2021-08-18,,310,539468.30938,,29,TRUE,
202231 HILLSBORO FARMS,,2021,F8 N33,F8 N33,Winter Wheat,,2021-08-24,,271,904478.4243,,55.6,TRUE,
202231 HILLSBORO FARMS,,2021,F9 SE06,F9 SE06,Canola,,2021-10-04,,142,173942.31338,,24.5,TRUE,
202231 HILLSBORO FARMS,,2022,F10 SW05,F10 SW05,Canola,,2022-10-11,,154,134581.0279,,17.5,TRUE,
202231 HILLSBORO FARMS,,2022,F12 W21,F12 W21,Spring Wheat,,2022-09-21,,263,770452.96064,,48.8,TRUE,
202231 HILLSBORO FARMS,,2022,F12 W21,F12 W21,Barley,,2022-09-22,,26,60770.3503,,48.7,TRUE,
202231 HILLSBORO FARMS,,2022,F13 SW31,F13 SW31,Barley,,2022-09-24,,119,144116.0094,,25.2,TRUE,
202231 HILLSBORO FARMS,,2022,F14 SE31,F14 SE31,Spring Wheat,,2022-09-13,,159,457022.13524,,47.9,TRUE,
202231 HILLSBORO FARMS,,2022,F15 NE24,F15 NE24,Spring Wheat,,2022-09-12,,155,357626.84254,,38.4,TRUE,
202231 HILLSBORO FARMS,,2022,F17 SE26,F17 SE26,Barley,,2022-10-04,,14,33812.25694,,50.3,TRUE,
202231 HILLSBORO FARMS,,2022,F18 Sec 04,F18 Sec 04,Canola,,2022-09-22,,625,948334.92996,,30.3,TRUE,
202231 HILLSBORO FARMS,,2022,F19a W11,F19a W11,CWRS,,2022-09-15,,49,176867.84412,,59.8,TRUE,
202231 HILLSBORO FARMS,,2022,F19a W11,F19a W11,Spring Wheat,,2022-09-15,,23,94126.2509,,67,TRUE,
202231 HILLSBORO FARMS,,2022,F19a W11,F19a W11,Winter Wheat,,2022-09-15,,18,96754.15794,,88.1,TRUE,
202231 HILLSBORO FARMS,,2022,F19b W11,F19b W11,Winter Wheat,,2022-09-15,,117,664216.73208,,62.5,TRUE,
202231 HILLSBORO FARMS,,2022,F19b W11,F19b W11,Spring Wheat,,2022-09-15,,8,33990.83116,,68.3,TRUE,
202231 HILLSBORO FARMS,,2022,F19d E11,F19d E11,Peas,,2022-08-31,,271,499445.6379,,30.7,TRUE,
202231 HILLSBORO FARMS,,2022,F2 N S11,F2 N S11,Spring Wheat,,2022-09-16,,94,227532.21634,,40.3,TRUE,
202231 HILLSBORO FARMS,,2022,F2 N S11,F2 N S11,CWRS,,2022-09-16,,18,38774.85656,,35.9,TRUE,
202231 HILLSBORO FARMS,,2022,F21 SE08,F21 SE08,Barley,,2022-10-04,,29,70589.72778,,50.7,TRUE,
202231 HILLSBORO FARMS,,2022,F22 N13,F22 N13,Spring Wheat,,2022-09-21,,42,90565.7896,,35.9,TRUE,
202231 HILLSBORO FARMS,,2022,F22 N13,F22 N13,Barley,,2022-10-04,,50,125010.77248,,52.1,TRUE,
202231 HILLSBORO FARMS,,2022,F3a,F3a,CWRS,,2022-08-29,,245,856783.67522,,58.3,TRUE,
202231 HILLSBORO FARMS,,2022,F4 SE36,F4 SE36,Canola,,2022-09-27,,211,232408.83578,,22,TRUE,
202231 HILLSBORO FARMS,,2022,F4b SW36,F4b SW36,Canola,,2022-09-28,,37,42674.82934,,23.1,TRUE,
202231 HILLSBORO FARMS,,2022,F6a NW31,F6a NW31,Spring Wheat,,2022-09-12,,243,666073.02212,,45.7,TRUE,
202231 HILLSBORO FARMS,,2022,F7 N32,F7 N32,Winter Wheat,,NA,,313,1406269.77788,,74.9,TRUE,
202231 HILLSBORO FARMS,,2022,F9 SE06,F9 SE06,Peas,,2022-09-05,,119,245241.9288,,34.3,TRUE,
202207 JVM VAN STAVEREN,,2022,13 Pak,13 Pak,Canola,L340PC,2022-09-21,,2025,5077239.86,,,TRUE,
202207 JVM VAN STAVEREN,,2022,Beitz,Beitz,Durum,Alloy,2022-08-31,,315,1243405.68,,,TRUE,
202207 JVM VAN STAVEREN,,2022,Betty,Betty,Durum,Alloy,2022-09-10,,1320,4706863.7,,,TRUE,
202207 JVM VAN STAVEREN,,2022,Bolls,Bolls,Durum,Alloy,2022-09-01,,660,2667590.2,,,TRUE,
202207 JVM VAN STAVEREN,,2022,Drivers,Drivers,Canola,,2022-09-26,,160,321874.52,,,TRUE,
202207 JVM VAN STAVEREN,,2022,Elgins,Elgins,Canola,L340PC,2022-09-22,,850,1216950.24,,,TRUE,
202207 JVM VAN STAVEREN,,2022,Eliford East,Eliford East,Lentils,Proclaim,2022-08-19,,965,813504.78,,,TRUE,
202207 JVM VAN STAVEREN,,2022,Fairgrounds,Fairgrounds,Durum,Alloy,2022-09-05,,310,1062626.84,,,TRUE,
202207 JVM VAN STAVEREN,,2022,Eliford West,Eliford West,Lentils,Proclaim,2022-08-19,,625,498244.12,,,TRUE,
202207 JVM VAN STAVEREN,,2022,Foss North,Foss North,Canola,CS4000LL,2022-09-12,,470,859801.8,,,TRUE,
202207 JVM VAN STAVEREN,,2022,Foss Pasture,Foss Pasture,Lentils,Proclaim,2022-08-25,,405,908303.44,,,TRUE,
202207 JVM VAN STAVEREN,,2022,Foss South,Foss South,Lentils,Proclaim,2022-08-24,,871,1521187.8,,,TRUE,
202207 JVM VAN STAVEREN,,2022,Foss West,Foss West,Lentils,Proclaim,2022-08-23,,305,546745.76,,,TRUE,
202207 JVM VAN STAVEREN,,2022,Galls,Galls,Durum,Alloy,2022-09-05,,265,418877.8,,,TRUE,
202207 JVM VAN STAVEREN,,2022,Griffin Half,Griffin Half,Durum,Alloy,2022-08-31,,250,934758.88,,,TRUE,
202207 JVM VAN STAVEREN,,2022,Horner Home,Horner Home,Lentils,Proclaim,2022-08-21,,725,676818.34,,,TRUE,
202207 JVM VAN STAVEREN,,2022,Ivans,Ivans,Lentils,Proclaim,2022-08-14,,1135,1377887.5,,,TRUE,
202207 JVM VAN STAVEREN,,2022,Kathryn,Kathryn,Lentils,Proclaim,2022-08-22,,780,1640237.28,,,TRUE,
202207 JVM VAN STAVEREN,,2022,Louis,Louis,Canola,P501L,2022-09-07,,460,992079,,,TRUE,
202207 JVM VAN STAVEREN,,2022,Orm,Orm,Durum,Alloy,2022-09-10,,847,3474481.12,,,TRUE,
202207 JVM VAN STAVEREN,,2022,Phillips,Phillips,Durum,Alloy,2022-09-10,,1245,4274758.18,,,TRUE,
202207 JVM VAN STAVEREN,,2022,Pollock,Pollock,Durum,Alloy,2022-09-04,,1615,6038454.18,,,TRUE,
202207 JVM VAN STAVEREN,,2022,Section 15 Shellingtons,Section 15 Shellingtons,Canola,CS4000LL,2022-09-08,,1380,3265042.22,,,TRUE,
202207 JVM VAN STAVEREN,,2022,Section 3,Section 3,Durum,Alloy,2022-09-04,,660,2317055.62,,,TRUE,
202207 JVM VAN STAVEREN,,2022,Stewart,Stewart 8 Pack,Canola,L340PC,2022-09-19,,1255,3214335.96,,,TRUE,
202207 JVM VAN STAVEREN,,2022,Tapps,Tapps,Durum,Alloy,2022-09-03,,315,1049399.12,,,TRUE,
202207 JVM VAN STAVEREN,,2022,Tordiff,Tordiff,Lentils,Proclaim,2022-08-22,,595,1117742.34,,,TRUE,
202207 JVM VAN STAVEREN,,2022,Vince Sylvia,Vince Sylvia,Canola,L340PC,2022-09-07,,155,291009.84,,,TRUE,
202207 JVM VAN STAVEREN,,2022,Warren Creelman,Warren Creelman,Canola,L340PC,2022-09-19,,420,950191.22,,,TRUE,
202207 JVM VAN STAVEREN,,2022,Warren Kent,Warren Kent,Lentils,,2022-08-20,,333,372580.78,,,TRUE,
202207 JVM VAN STAVEREN,,2022,Warren Yard,Warren Yard,Canola,L340PC,2022-09-22,,501,1230177.96,,,TRUE,
202207 JVM VAN STAVEREN,,2022,Willems,Willems,Durum,Alloy,2022-09-02,,880,2868210.62,,,TRUE,
202207 JVM VAN STAVEREN,,2022,Winston Sylvia,Winston Sylvia,Canola,L340PC,2022-09-12,,290,562178.1,,,TRUE,
202207 JVM VAN STAVEREN,,2022,Zyla,Zyla,Durum,Alloy,2022-09-02,,625,1995181.1,,,TRUE,
202215 ARM RIVER COLONY,Algin Fair Sidlets,2022,Algin Fair NW,Algin Fair NW,Canola,,,,,565889,11317.8,56.8,TRUE,
202215 ARM RIVER COLONY,Algin Fair Sidlets,2022,Algin Fair Quarter,Algin Fair Quarter,Canola,,,,,363315,7266.3,46,TRUE,
202215 ARM RIVER COLONY,Algin Fair Sidlets,2022,Algin House N 3in1,Algin House N 3in1,Canola,,,,,558528,11170.6,46.5,TRUE,
202215 ARM RIVER COLONY,Algin Fair Sidlets,2022,Algin House SE,Algin House SE,Canola,,,,,796100,15922,51.6,TRUE,
202215 ARM RIVER COLONY,Algin Fair Sidlets,2022,Algin House W,Algin House W,Canola,,,,,606443,12128.9,53.7,TRUE,
202215 ARM RIVER COLONY,Algin Fair Sidlets,2022,Morley Mack,Morley Mack,Canola,,,,,770137,15402.7,51.8,TRUE,
202215 ARM RIVER COLONY,Algin Fair Sidlets,2022,Sidlets Gravel NW,Sidlets Gravel NW,Barley,,,,,1012706,21098,103.7,TRUE,
202215 ARM RIVER COLONY,Algin Fair Sidlets,2022,Sidlets Gravel S,Sidlets Gravel S,Barley,,,,,705973,14707.8,96.7,TRUE,
202215 ARM RIVER COLONY,Algin Fair Sidlets,2022,Sidlets Middle,Sidlets Middle,Barley,,,,,361521,7531.7,90.7,TRUE,
202215 ARM RIVER COLONY,Algin Fair Sidlets,2022,Sidlets N Field,Sidlets N Field,Barley,,,,,344256,7172,101.6,TRUE,
202215 ARM RIVER COLONY,Algin Fair Sidlets,2022,Sidlets NE,Sidlets NE,Barley,,,,,1325754,27619.9,106.5,TRUE,
202215 ARM RIVER COLONY,Bethune,2022,Berry N,Berry N,Peas,,,,,1097030,18283.8,63.7,TRUE,
202215 ARM RIVER COLONY,Bethune,2022,GA House N,GA House N,Peas,,,,,2154588,35909.8,57.2,TRUE,
202215 ARM RIVER COLONY,Bethune,2022,GA House SE,GA House SE,Peas,,,,,1052324,17538.7,55.2,TRUE,
202215 ARM RIVER COLONY,Bethune,2022,GA Section Ian W,GA Section Ian W,Peas,,,,,2423542,40392.4,54,TRUE,
202215 ARM RIVER COLONY,Bethune,2022,Jimmy NW,Jimmy NW,Peas,,,,,1235565,20592.8,63.1,TRUE,
202215 ARM RIVER COLONY,Bethune,2022,Lou Jurdisey,Lou Jurdisey,Peas,,,,,1179956,19665.9,61,TRUE,
202215 ARM RIVER COLONY,Bethune,2022,Mackzine Yard,Mackzine Yard,Barley,,,,,1382572,28803.6,90.1,TRUE,
202215 ARM RIVER COLONY,Bethune,2022,Riche Bethune E,Riche Bethune E,Peas,,,,,563813,9396.9,58.2,TRUE,
202215 ARM RIVER COLONY,Black,2022,Black NE Chicken S,Black NE Chicken SW,Peas,,,,,2042226,34037.1,61.6,TRUE,
202215 ARM RIVER COLONY,Black,2022,Black SE,Black SE,Peas,,,,,399644,6660.7,58.2,TRUE,
202215 ARM RIVER COLONY,Black,2022,Chicken Barns SE,Chicken Barns SE,Peas,,,,,815382,13589.7,61.4,TRUE,
202215 ARM RIVER COLONY,Black,2022,Gophers,Gophers,Peas,,,,,568673,9477.9,60.5,TRUE,
202215 ARM RIVER COLONY,Black,2022,Gophers S Dave Cor,Gophers S Dave Core,Canola,,,,,1314127,26282.5,57,TRUE,
202215 ARM RIVER COLONY,Black,2022,HY 54-1,HY 54-1,Peas,,,,,1029527,17158.8,54.4,TRUE,
202215 ARM RIVER COLONY,Black,2022,Long Field,Long Field,Peas,,,,,1462002,24366.7,60.9,TRUE,
202215 ARM RIVER COLONY,Black,2022,Schandre N Side,Schandre N Side,Canola,,,,,339316,6786.3,52.3,TRUE,
202215 ARM RIVER COLONY,Black,2022,Schandre S Side,Schandre S Side,Canola,,,,,51693,1033.9,49,TRUE,
202215 ARM RIVER COLONY,Black,2022,Tee Slews,Tee Slews,Canola,,,,,1958933,39178.7,52.5,TRUE,
202215 ARM RIVER COLONY,Black,2022,Triangle,Triangle,SpringWheat,,,,,730590,12176.5,58.9,TRUE,
202215 ARM RIVER COLONY,Black,2022,Walter + Black W,Walter + Black W,SpringWheat,,,,,1803880,30064.7,61.6,TRUE,
202215 ARM RIVER COLONY,Craven,2022,Craven N,Craven N,DurumWheat,,,,,2904252,48404.2,60.9,TRUE,
202215 ARM RIVER COLONY,Craven,2022,Craven S N Side,Craven S N Side,SpringWheat,,,,,860816,14346.9,60.2,TRUE,
202215 ARM RIVER COLONY,Craven,2022,Craven S Quarter,Craven S Quarter,SpringWheat,,,,,594967,9916.1,60.8,TRUE,
202215 ARM RIVER COLONY,Craven,2022,Devin Pinkney N Si,Devin Pinkney N Side,SpringWheat,,,,,894839,14914,64.6,TRUE,
202215 ARM RIVER COLONY,Craven,2022,Devin Pinkney S Si,Devin Pinkney S Side,SpringWheat,,,,,1003915,16731.9,43.8,TRUE,
202215 ARM RIVER COLONY,Craven,2022,Grant Yard,Grant Yard,DurumWheat,,,,,1069742,17829,59.6,TRUE,
202215 ARM RIVER COLONY,Craven,2022,Green,Green,DurumWheat,,,,,1065245,17754.1,59.5,TRUE,
202215 ARM RIVER COLONY,Craven,2022,Gtab Quarter,Gtab Quarter,DurumWheat,,,,,489378,8156.3,53,TRUE,
202215 ARM RIVER COLONY,Craven,2022,Swift Quarter,Swift Quarter,DurumWheat,,,,,512334,8538.9,56.1,TRUE,
202215 ARM RIVER COLONY,Craven,2022,Swift West,Swift West,DurumWheat,,,,,882457,14707.6,52.7,TRUE,
202215 ARM RIVER COLONY,Craven,2022,Swift Wolf,Swift Wolf,DurumWheat,,,,,1014390,16906.5,54.1,TRUE,
202215 ARM RIVER COLONY,Craven,2022,Tars,Tars,DurumWheat,,,,,1957442,32624,61,TRUE,
202215 ARM RIVER COLONY,Craven,2022,Wally,Wally,DurumWheat,,,,,1617685,26961.4,58.2,TRUE,
202215 ARM RIVER COLONY,Craven,2022,Yard S Quarter,Yard S Quarter,DurumWheat,,,,,519067,8651.1,62.3,TRUE,
202215 ARM RIVER COLONY,Disley,2022,Disley N Irr,Disley N Irr,Canola,,,,,583356,11667.1,56.9,TRUE,
202215 ARM RIVER COLONY,Disley,2022,Disley W Sec,Disley W Sec,Canola,,,,,1740982,34819.6,58.8,TRUE,
202215 ARM RIVER COLONY,Disley,2022,Hy 11,Hy 11,Canola,,,,,761517,15230.3,51.9,TRUE,
202215 ARM RIVER COLONY,Disley,2022,Little Field,Little Field,Canola,,,,,50209,1004.2,55.2,TRUE,
202215 ARM RIVER COLONY,Disley,2022,Valley Irr,Valley Irr,Canola,,,,,311489,6229.8,51.7,TRUE,
202215 ARM RIVER COLONY,Disley,2022,Valley Pump Site,Valley Pump Site,Canola,,,,,143401,2868,42.7,TRUE,
202215 ARM RIVER COLONY,Disley,2022,Wagner Hay,Wagner Hay,Canola,,,,,340352,6807,43.4,TRUE,
202215 ARM RIVER COLONY,Disley,2022,Wagner Quarter,Wagner Quarter,Canola,,,,,380848,7617,48.8,TRUE,
202215 ARM RIVER COLONY,Home,2022,Buffalo Jump E+W,Buffalo Jump E+W,Canola,,,,,706319,14126.4,56.8,TRUE,
202215 ARM RIVER COLONY,Home,2022,Junk Pile,Junk Pile,Peas,,,,,2153980,35899.7,52.7,TRUE,
202215 ARM RIVER COLONY,Home,2022,Mill E Ranch S,Mill E Ranch S,SpringWheat,,,,,2197723,36628.7,59,TRUE,
202215 ARM RIVER COLONY,Home,2022,Mill S,Mill S,Barley,,,,,36511,760.6,2.9,FALSE,Something wrong here
202215 ARM RIVER COLONY,Home,2022,Tree House,Tree House,Canola,,,,,50039,1000.8,6.6,FALSE,Something wrong here
202215 ARM RIVER COLONY,Home,2022,Treehouse,Treehouse,Barley,,,,,331251,6901.1,60,TRUE,
202215 ARM RIVER COLONY,Huber,2022,Archibald,Archibald,Canola,,,,,539667,10793.3,75,TRUE,
202215 ARM RIVER COLONY,Huber,2022,Bernard NW,Bernard NW,Canola,,,,,525018,10500.4,69.6,TRUE,
202215 ARM RIVER COLONY,Huber,2022,Bernard Yard,Bernard Yard,Canola,,,,,1089143,21782.9,69,TRUE,
202215 ARM RIVER COLONY,Huber,2022,Bernard Yard SW,Bernard Yard SW,Canola,,,,,177333,3546.7,65.1,TRUE,
202215 ARM RIVER COLONY,Huber,2022,Erwin Bateman,Erwin Bateman,Barley,,,,,1882332,39215.3,104.8,TRUE,
202215 ARM RIVER COLONY,Huber,2022,Graff +Bins E,Graff +Bins E,Canola,,,,,357109,7142.2,61,TRUE,
202215 ARM RIVER COLONY,Huber,2022,Holt HY 6,Holt HY 6,Canola,,,,,975717,19514.3,69.6,TRUE,
202215 ARM RIVER COLONY,Huber,2022,Holt Quarter Otto ,Holt Quarter Otto E,SpringWheat,,,,,689691,11494.8,70.9,TRUE,
202215 ARM RIVER COLONY,Huber,2022,Holt Yard,Holt Yard,SpringWheat,,,,,410946,6849.1,49.6,TRUE,
202215 ARM RIVER COLONY,Huber,2022,Holt Yard North,Holt Yard North,SpringWheat,,,,,392551,6542.5,55.9,TRUE,
202215 ARM RIVER COLONY,Huber,2022,Huber 640,Huber 640,Canola,,,,,1641528,32830.6,51.1,TRUE,
202215 ARM RIVER COLONY,Huber,2022,Kathleen Burns N,Kathleen Burns N,Canola,,,,,392780,7855.6,62.7,TRUE,
202215 ARM RIVER COLONY,Huber,2022,Kathleen Burns S,Kathleen Burns S,Canola,,,,,119708,2394.2,59.7,TRUE,
202215 ARM RIVER COLONY,Huber,2022,Kathleen Burns Sma,Kathleen Burns Small,Canola,,,,,64557,1291.1,60,TRUE,
202215 ARM RIVER COLONY,Huber,2022,Lisa 85,Lisa 85,Barley,,,,,393382,8195.5,98.1,TRUE,
202215 ARM RIVER COLONY,Huber,2022,Lumsden S,Lumsden S,SpringWheat,,,,,3266728,54445.5,67.6,TRUE,
202215 ARM RIVER COLONY,Huber,2022,Mobile Grain-1,Mobile Grain-1,SpringWheat,,,,,502373,8372.9,65,TRUE,
202215 ARM RIVER COLONY,Huber,2022,OT N Side,OT N Side,Canola,,,,,488938,9778.8,65.7,TRUE,
202215 ARM RIVER COLONY,Huber,2022,OT S Side,OT S Side,Canola,,,,,547141,10942.8,70.9,TRUE,
202215 ARM RIVER COLONY,Huber,2022,Otto 440,Otto 440,SpringWheat,,,,,1965108,32751.8,74.2,TRUE,
202215 ARM RIVER COLONY,Huber,2022,Otto House E,Otto House E,SpringWheat,,,,,2026293,33771.5,69.4,TRUE,
202215 ARM RIVER COLONY,Huber,2022,Otto House W,Otto House W,SpringWheat,,,,,671260,11187.7,63.7,TRUE,
202215 ARM RIVER COLONY,Huber,2022,Otto N,Otto N,SpringWheat,,,,,335724,5595.4,73.9,TRUE,
202215 ARM RIVER COLONY,Huber,2022,Otto S,Otto S,SpringWheat,,,,,44546,742.4,29.4,TRUE,
202215 ARM RIVER COLONY,Huber,2022,Paul Schro,Paul Schro,SpringWheat,,,,,336182,5603,57.6,TRUE,
202215 ARM RIVER COLONY,Huber,2022,Penny Burns,Penny Burns,Canola,,,,,825768,16515.4,55.1,TRUE,
202215 ARM RIVER COLONY,Huber,2022,Ron Burns,Ron Burns,Canola,,,,,824409,16488.2,56.2,TRUE,
202215 ARM RIVER COLONY,Huber,2022,Ron Lisa Huber,Ron Lisa Huber,SpringWheat,,,,,3249798,54163.3,56.2,TRUE,
202215 ARM RIVER COLONY,Huber,2022,Scott Will 100,Scott Will 100,Barley,,,,,455471,9489,96.1,TRUE,
202215 ARM RIVER COLONY,Huber,2022,Scott Will 160,Scott Will 160,Barley,,,,,881053,18355.3,114,TRUE,
202215 ARM RIVER COLONY,Huber,2022,Small,Small,Barley,,,,,2374243,49463.4,109.7,TRUE,
202215 ARM RIVER COLONY,Pete,2022,Colony W Quarter,Colony W Quarter,Barley,,,,,617167,12857.6,79.8,TRUE,
202215 ARM RIVER COLONY,Pete,2022,new break,new break,Barley,,,,,533953,11124,71.5,TRUE,
202215 ARM RIVER COLONY,Pete,2022,Otto Home,Otto Home,Barley,,,,,1057813,22037.8,70.1,TRUE,
202215 ARM RIVER COLONY,Pete,2022,Pete All N&S,Pete All N&S,Barley,,,,,4233413,88196.1,91.1,TRUE,
202215 ARM RIVER COLONY,Pete,2022,Pete East,Pete East,Canola,,,,,3435862,68717.2,51.8,TRUE,
202215 ARM RIVER COLONY,Pete,2022,Sams correl,Sams correl,Canola,,,,,139673,2793.5,126.6,TRUE,
202215 ARM RIVER COLONY,Rod Koch,2022,Avonhurst N Half S,Avonhurst N Half Section,SpringWheat,,,,,1179836,19663.9,64.3,TRUE,
202215 ARM RIVER COLONY,Rod Koch,2022,Avonhurst N quarte,Avonhurst N quarter,SpringWheat,,,,,606586,10109.8,66.5,TRUE,
202215 ARM RIVER COLONY,Rod Koch,2022,Avonhurst NE Quart,Avonhurst NE Quarter,SpringWheat,,,,,663484,11058.1,62.6,TRUE,
202215 ARM RIVER COLONY,Rod Koch,2022,Avonhurst Town,Avonhurst Town,SpringWheat,,,,,2377981,39633,59,TRUE,
202215 ARM RIVER COLONY,Rod Koch,2022,Edenwold Town,Edenwold Town,SpringWheat,,,,,837864,13964.4,51.3,TRUE,
202215 ARM RIVER COLONY,Rod Koch,2022,Sec North Edenwold,North Edenwold Section,SpringWheat,,,,,1416630,23610.5,36.9,TRUE,
202215 ARM RIVER COLONY,Rod Koch,2022,Rod East,Rod East,SpringWheat,,,,,3142276,52371.3,67.8,TRUE,
202215 ARM RIVER COLONY,Rod Koch,2022,Rod East East,Rod East East,SpringWheat,,,,,3000648,50010.8,68.3,TRUE,
202215 ARM RIVER COLONY,Rod Koch,2022,Rod Yard NE,Rod Yard NE,SpringWheat,,,,,872935,14548.9,49.8,TRUE,
202215 ARM RIVER COLONY,Rod Koch,2022,Yard South,Yard South,SpringWheat,,,,,2285254,38087.6,63.4,TRUE,
202215 ARM RIVER COLONY,Young,2022,KS Road E,KS Road E,SpringWheat,,,,,439923,7332,58.2,TRUE,
202215 ARM RIVER COLONY,Young,2022,KS Road W,KS Road W,SpringWheat,,,,,640866,10681.1,67,TRUE,
202215 ARM RIVER COLONY,Young,2022,Mike McEwen N,Mike McEwen N,SpringWheat,,,,,369630,6160.5,65.3,TRUE,
202215 ARM RIVER COLONY,Young,2022,Mike McEwen S,Mike McEwen S,SpringWheat,,,,,168952,2815.9,70.6,TRUE,
202215 ARM RIVER COLONY,Young,2022,Sec 27 Disley W,Sec 27 Disley W,SpringWheat,,,,,457539,7625.7,53.6,TRUE,
202215 ARM RIVER COLONY,Young,2022,Valley & 40,Valley & 40,SpringWheat,,,,,439749,7329.1,40.6,TRUE,
202215 ARM RIVER COLONY,Young,2022,Young House SW,Young House SW,SpringWheat,,,,,643084,10718.1,59.3,TRUE,
