Grower,Farm,Year,FieldName,Crop,Variety,Date,SeededAcres,Acres,Weight_lbs,Volume_bu,Yield_buac,FieldName_monitor,Year_monitor,Crop_monitor,Area_ha_monitor,Mass_t_monitor,Yield_tha_monitor,Notes
202204 SHANE STROEDER,Ashworth Ag Co,2022,Allans east,Canola,,,,,283251,,,Allans east,2022,Canola,49.73311006208,104.067209457266,2.0925136056716,Year = 2022?
202204 SHANE STROEDER,Ashworth Ag Co,2022,Allans west,Canola,,,,,282357,,,Allans west,2022,Canola,47.2900174088,100.250271999826,2.11990346996935,Year = 2022?
202204 SHANE STROEDER,Ashworth Ag Co,2022,Behind Cicels,Canola,,,,,582865,,,Behind Cicels,2022,Canola,87.5276794416,173.352900770619,1.98054948876239,Year = 2022?
202204 SHANE STROEDER,Ashworth Ag Co,2022,Bobs Deeds,Durum,,,,,537549,,,Bobs Deeds,2022,Mustard,37.4597482019,145.61300380916,3.88718586746331,Year = 2022?
202204 SHANE STROEDER,Ashworth Ag Co,2022,Bobs East Half,Durum,,,,,1053851,,,Bobs East Half,2022,Mustard,106.0451660867,398.154479313232,3.75457452711905,Year = 2022?
202204 SHANE STROEDER,Ashworth Ag Co,2022,Bobs home,Durum,,,,,1167007,,,Bobs home,2022,Mustard,88.3992809514,351.603630067496,3.97744898242781,Year = 2022?
202204 SHANE STROEDER,Ashworth Ag Co,2022,Burgers,Canola,,,,,1352878,,,Burgers,2022,Canola,244.06186480358,483.583511865906,1.98139726685729,Year = 2022?
202204 SHANE STROEDER,Ashworth Ag Co,2022,Cicels east,Canola,,,,,271802,,,Cicels east,2022,Canola,44.5259807707,88.8294168101105,1.99500191287339,Year = 2022?
202204 SHANE STROEDER,Ashworth Ag Co,2022,Cicels home half,Canola,,,,,462424,,,Cicels home half,2022,Canola,71.8501243731,137.480771471182,1.91343818359002,Year = 2022?
202204 SHANE STROEDER,Ashworth Ag Co,2022,Fats oil bin,Durum,,,,,1003980,,,Fats oil bin,2022,Mustard,81.8907720296,352.388197391307,4.3031490442407,Year = 2022?
202204 SHANE STROEDER,Ashworth Ag Co,2022,Geralds,Durum,,,,,87978,,,Geralds,2022,Mustard/Spring Barley,86.2445688613,303.859225244496,3.52322736673619,Year = 2022?
202204 SHANE STROEDER,Ashworth Ag Co,2022,Geralds north,Barley,,,,,864987,,,,,,,,,Year = 2022?
202204 SHANE STROEDER,Ashworth Ag Co,2022,Herbs,Canola,,,,,426483,,,Herbs,2022,Canola,81.0131442858,146.622634090689,1.80986228078533,Year = 2022?
202204 SHANE STROEDER,Ashworth Ag Co,2022,Home half,Durum,,,,,701701,,,Home half,2022,Mustard,73.0699952777,236.766347914575,3.2402677325317,Year = 2022?
202204 SHANE STROEDER,Ashworth Ag Co,2022,Kenny 60acre,Durum,,,,,143660,,,,,,,,,Year = 2022?
202204 SHANE STROEDER,Ashworth Ag Co,2022,Kennys East,Durum,,,,,1240351,,,Kennys East,2022,Mustard,156.56556659,420.32736715306,2.68467311368518,Year = 2022?
202204 SHANE STROEDER,Ashworth Ag Co,2022,Klaybos,Durum,,,,,NA,,,Klaybos,2022,Mustard,0.022919901,0.029705972248,1.29607768585039,Year = 2022?
202204 SHANE STROEDER,Ashworth Ag Co,2022,L field,Durum,,,,,1799406,,,L field,2022,Mustard,127.1077004567,552.468597509139,4.34646048606112,Year = 2022?
202204 SHANE STROEDER,Ashworth Ag Co,2022,Lloyds east,Canola,,,,,139269,,,Lloyds east,2022,Canola/Mustard,42.5514850621,55.4784959003366,1.30379693727189,Year = 2022?
202204 SHANE STROEDER,Ashworth Ag Co,2022,Lloyds home,Canola,,,,,150426,,,Lloyds home,2022,Canola,46.2439990142,67.0034318941825,1.44891084946196,Year = 2022?
202204 SHANE STROEDER,Ashworth Ag Co,2022,Lloyds nw,Canola,,,,,175415,,,Lloyds nw,2022,Canola/Mustard,41.52240776249,57.2377995316617,1.37847978034088,Year = 2022?
202204 SHANE STROEDER,Ashworth Ag Co,2022,Lornas north,Canola,,,,,826215,,,Lornas north,2022,Canola,120.50605592115,284.068725965296,2.35729834317347,Year = 2022?
202204 SHANE STROEDER,Ashworth Ag Co,2022,Lornas South,Canola,,,,,764701,,,Lornas South,2022,Canola,102.04624734772,229.337261981659,2.2473855525544,Year = 2022?
202204 SHANE STROEDER,Ashworth Ag Co,2022,Mesabi,Durum,,,,,2466119,,,Mesabi,2022,Mustard,182.2500430116,765.318398346269,4.19927691483484,Year = 2022?
202204 SHANE STROEDER,Ashworth Ag Co,2022,Murhheads north,Mustard,,,,,216342,,,Murhheads north,2022,Mustard/Spring Barley,45.6520906379,81.74494228342,1.79060676392235,Year = 2022?
202204 SHANE STROEDER,Ashworth Ag Co,2022,Murhheads south,Mustard,,,,,253028,,,Murhheads south,2022,Mustard,45.2059995954,77.813280182511,1.72130427109124,Year = 2022?
202204 SHANE STROEDER,Ashworth Ag Co,2022,Murhheads west,Mustard,,,,,221718,,,Murhheads west,2022,Mustard,45.3847230024,78.915409135534,1.73880997646192,Year = 2022?
202204 SHANE STROEDER,Ashworth Ag Co,2022,North of Food Grains,Durum,,,,,1143235,,,North of Food Grains,2022,Mustard,109.6181888441,488.719506692611,4.45837968904661,Year = 2022?
202204 SHANE STROEDER,Ashworth Ag Co,2022,Parns,Durum,,,,,970408,,,Parns,2022,Canola,140.65659672782,304.492281593764,2.16479204443555,Year = 2022?
202204 SHANE STROEDER,Ashworth Ag Co,2022,Phylis section 10,Durum,,,,,1431149,,,Phylis section 10,2022,Mustard,136.2204181066,497.138628988423,3.64951624652469,Year = 2022?
202204 SHANE STROEDER,Ashworth Ag Co,2022,Ratclif,Durum,,,,,369478,,,Ratclif,2022,Mustard,39.2725765232,175.590134088157,4.47106224325333,Year = 2022?
202204 SHANE STROEDER,Ashworth Ag Co,2022,School land,Durum,,,,,814226,,,School land,2022,Mustard,70.8090739974,239.335604542911,3.38001319649653,Year = 2022?
202204 SHANE STROEDER,Ashworth Ag Co,2022,South east Giebs,Canola,,,,,122158,,,South east Giebs,2022,Canola,34.25465322446,54.7896216008137,1.59947967482825,Year = 2022?
202204 SHANE STROEDER,Ashworth Ag Co,2022,South Giebs,Canola,,,,,245814,,,South Giebs,2022,Canola,36.0020272748,71.4331681534485,1.9841429375131,Year = 2022?
202204 SHANE STROEDER,Ashworth Ag Co,2022,Franklins by lornas,Barley,,,,,1040213,,,Franklins by lornas,2022,Spring Barley,61.7070713406,348.24486839601,5.64351638848371,Year = 2022?
202204 SHANE STROEDER,Ashworth Ag Co,2022,Franklins Half pump,Barley,,,,,1389305,,,Franklins Half pump,2022,Spring Barley,74.617597013544,383.853414813251,5.14427467750773,Year = 2022?
202204 SHANE STROEDER,Ashworth Ag Co,2022,Franklins single,Barley,,,,,684163,,,Franklins single,2022,Spring Barley,49.5104433911,252.790449341088,5.10580055492958,Year = 2022?
202204 SHANE STROEDER,Ashworth Ag Co,2022,Harry L,Canola,,,,,NA,,,,,,,,,Year = 2022?
202204 SHANE STROEDER,Ashworth Ag Co,2022,Johnsons,Durum,,,,,NA,,,,,,,,,Year = 2022?
202204 SHANE STROEDER,Ashworth Ag Co,2022,Kennys Home,Durum,,,,,1436246,,,Kennys Home,2022,Mustard,180.3219416053,437.607502912413,2.42681228372239,Year = 2022?
202204 SHANE STROEDER,Ashworth Ag Co,2022,Kennys SE,Durum,,,,,743401,,,Kennys SE,2022,Mustard,75.9431042318,250.097710215553,3.29322474693928,Year = 2022?
202204 SHANE STROEDER,Ashworth Ag Co,2022,Kevins,Durum,,,,,928283,,,Kevins,2022,Mustard,110.6686138393,364.91059960353,3.29732691992881,Year = 2022?
202204 SHANE STROEDER,Ashworth Ag Co,2022,McNeils,Mustard,,,,,683006,,,McNeils,2022,Mustard,134.7125971764,217.082954552947,1.61145252265226,Year = 2022?
202204 SHANE STROEDER,Ashworth Ag Co,2022,Melbys Single,Canola,,,,,372427,,,Melbys Single,2022,Canola,49.4297445043,114.153801354574,2.30941516083789,Year = 2022?
202204 SHANE STROEDER,Ashworth Ag Co,2022,North of Kens nw34,Canola,,,,,353364,,,North of Kens nw34,2022,Canola,76.7372373211,133.350496768958,1.73775472540098,Year = 2022?
202204 SHANE STROEDER,Ashworth Ag Co,2022,North of kens nw35,Canola,,,,,402470,,,North of kens nw35,2022,Canola,79.275264955,141.168588512438,1.78073940960742,Year = 2022?
202204 SHANE STROEDER,Ashworth Ag Co,2022,Ushers Yard,Canola,,,,,646247,,,Ushers Yard,2022,Canola,87.6532517789,199.828599285539,2.27976253282188,Year = 2022?
202221 ABERHART FARMS INC,Hillwell Farms,2021,15,Canola,LL - InVigor L233P,2021-09-11,156,158.05,,5320.89,34.16,15,2021,Canola,65.3698701661,125.709430598616,1.9230484974071,
202221 ABERHART FARMS INC,Hillwell Farms,2021,15,Canola,LL - InVigor L233P,2021-09-11,156,156,,5983,38.35,15,2022,Corn/Spring Wheat/Spring Oats,62.8787230989,253.347364684471,4.02914296281094,
202221 ABERHART FARMS INC,Hillwell Farms,2022,15,Wheat,HRS - AAC Wheatland VB,2022-09-06,140,140,,8946,63.9,,,,,,,
202221 ABERHART FARMS INC,Aberhart Farms,2021,24,Peas,Green - CDC Striker,2021-08-04,153,153,,4171,27.26,24,2021,Other,56.3518966176,69.3958844883484,1.23147380396553,
202221 ABERHART FARMS INC,Aberhart Farms,2022,24,Canola,LL - Invigor L340PC,2022-10-09,153,153,,7497,49,24,2022,Canola,41.88233241729,103.601498379078,2.47363249369343,
202221 ABERHART FARMS INC,Hillwell Farms,2022,15 Breaking,Oats,Milling - CS Camden,2022-09-28,18,18,,1942.2,107.9,,,,,,,
202221 ABERHART FARMS INC,Aberhart Farms,2021,25 Creek,Barley,2 Row Malt - AAC Synergy,2021-08-13,239,239,,14232,59.55,25 Creek,2021,Spring Barley,92.6707896215,292.071468781782,3.15171015564564,
202221 ABERHART FARMS INC,Aberhart Farms,2022,25 Creek,Canola,LL - Invigor L340PC,2022-10-09,222,237,,11684.1,49.3,25 Creek,2022,Canola,83.35107228268,196.836534513263,2.36153572020891,
202221 ABERHART FARMS INC,Hillwell Farms,2021,Altmans L,Canola,LL - Invigor L340PC,2021-09-14,440,477.57,,14999.3,40.88,Altmans L,2021,Canola,186.6142075272,339.695269839247,1.82030765149398,
202221 ABERHART FARMS INC,Hillwell Farms,2021,Altmans L,Canola,LL - Invigor L340PC,2021-09-14,440,457,,17988,39.36,,,,,,,
202221 ABERHART FARMS INC,Hillwell Farms,2022,Altmans L,Wheat,HRS - AAC Wheatland VB,2022-10-01,440,440,,29876,67.9,Altmans L,2022,Spring Barley/Winter Wheat,178.6687747437,742.597156972295,4.15627833144067,
202221 ABERHART FARMS INC,Hillwell Farms,2021,Barrys,Canola,LL - Invigor L340PC,2021-09-14,309,309,,11124,36,Barrys,2021,Canola,125.989879593,204.834524082026,1.62580141153978,
202221 ABERHART FARMS INC,Hillwell Farms,2022,Barrys,Wheat,HRS - AAC Starbuck VB,2022-09-30,282,282,,18894,67,Barrys,2022,Spring Barley/Corn/Winter Wheat,115.8732822421,471.686963049361,4.07071374800484,
202221 ABERHART FARMS INC,Aberhart Farms,2021,Bennett Half,Barley,2 Row Malt - AAC Synergy,2021-08-08,304,285.04,,16656.51,59.33,Bennett Half,2021,Spring Barley/Other,125.9420667349,401.765462912906,3.19008154565699,
202221 ABERHART FARMS INC,Aberhart Farms,2021,Bennett Half,Barley,2 Row Malt - AAC Synergy,2021-08-12,304,304,,20301,66.78,,,,,,,
202221 ABERHART FARMS INC,Aberhart Farms,2022,Bennett Half,Canola,LL - Invigor L340PC,2022-10-14,296,296,,11307.2,38.2,,,,,,,
202221 ABERHART FARMS INC,Hillwell Farms,2021,Bills,Canola,LL - Invigor L340PC,2021-09-12,163,163,,6685,41.01,Bills,2021,Canola,65.184294771,125.745967066507,1.92908380014338,
202221 ABERHART FARMS INC,Hillwell Farms,2022,Bills,Wheat,HRS - AAC Starbuck VB,2022-10-02,160,160,,8976,56.1,Bills,2022,Winter Wheat,62.801631329,216.267774228318,3.44366491206817,
202221 ABERHART FARMS INC,Single Owner,2021,Bobs Half,Canola,LL,2021-09-17,207,207,,9875,47.71,Bobs Half,2021,Canola,85.9331579312,182.926332538828,2.1287048787999,
202221 ABERHART FARMS INC,Ken and Wayne Adams,2021,Border Quarter,Canola,LL - InVigor L255PC,2021-09-21,117,117,,3988,34.09,Border Quarter,2021,Canola,48.8822697448,68.641338502938,1.40421749769997,
202221 ABERHART FARMS INC,Ken and Wayne Adams,2022,Border Quarter,Canola,LL - Invigor L340PC,2022-09-26,117,118,,4637.4,39.3,Border Quarter,2022,Canola,46.2571203452,96.3980710365441,2.08396178398397,
202221 ABERHART FARMS INC,Single Owner,2021,Brent Half,Canola,LL,2021-09-17,220.4,251.65,,9238.22,36.89,Brent Half,2021,Canola,100.3545538605,209.346913110306,2.08607287917709,
202221 ABERHART FARMS INC,Single Owner,2021,Brent Half,Canola,LL,2021-09-17,220.4,220.4,,11135,50.52,Brent Half,2022,Spring Barley,95.0200411431,624.400628086023,6.57125192300934,
202221 ABERHART FARMS INC,Single Owner,2022,Brent Half,Barley,2 Row Malt - AAC Synergy,2022-09-02,233,233,,29334.7,125.9,,,,,,,
202221 ABERHART FARMS INC,Aberhart Farms,2021,Brians Half,Canola,LL - Invigor L357P,2021-09-08,214,214,,10702,50.01,Brians Half,2021,Canola,87.7759655978,210.472453800161,2.397836951912,
202221 ABERHART FARMS INC,Aberhart Farms,2022,Brians Half,Barley,2 Row Malt - AAC Synergy,2022-09-03,210,210,,21294,101.4,Brians Half,2022,Spring Barley,63.0688133048,312.115554783641,4.9488096957722,
202221 ABERHART FARMS INC,Aberhart Farms,2021,Bush Quarter,Barley,2 Row Malt - CDC Bow,2021-08-13,161,161,,8881,55.16,Bush Quarter,2021,Spring Barley,62.2397824657,200.003703816381,3.21343834912344,
202221 ABERHART FARMS INC,Aberhart Farms,2022,Bush Quarter,Canola,LL - Invigor L356PC,NA,153,NA,,NA,NA,,,,,,,
202221 ABERHART FARMS INC,Single Owner,2021,Carls,Canola,LL - Invigor L340PC,2021-09-12,119,119,,3967,33.34,Carls,2021,Canola,47.4589214403,70.9742914132489,1.49548892514402,
202221 ABERHART FARMS INC,Single Owner,2022,Carls,Wheat,HRS - AAC Starbuck VB,2022-10-02,120,120,,6408,53.4,Carls,2022,Winter Wheat,44.7577622548,157.70688385102,3.52356498417449,
202221 ABERHART FARMS INC,Single Owner,2021,Cliff,Peas,Green - CDC Striker,2021-08-16,219,222,,7348,33.1,Cliff,2021,Other,85.5852669058,122.422833815656,1.43041948972831,
202221 ABERHART FARMS INC,Single Owner,2022,Cliff,Canola,LL - Invigor L340PC,2022-09-27,222,222,,10966.8,49.4,Cliff,2022,Canola,87.4465229629,211.854093956019,2.42267029926278,
202221 ABERHART FARMS INC,Cantara Capital,2021,Dad Quarter,Wheat,HRS,2021-09-03,164,164,,7919,48.29,Dad Quarter,2021,Winter Wheat,65.6468795644,222.224781350838,3.38515376245468,
202221 ABERHART FARMS INC,Aberhart Farms,2022,Dad Quarter,Canola,LL - Invigor L340PC,2022-10-05,160,155,,7331.5,47.3,Dad Quarter,2022,Canola,62.55712874683,160.087835735125,2.55906623181195,
202221 ABERHART FARMS INC,Aberhart Farms,2021,Dancing East,Canola,LL - InVigor L255PC,2021-09-15,117.1,118,,2683,22.74,Dancing East,2021,Canola,46.9334609715,48.0355924194287,1.02348285051038,
202221 ABERHART FARMS INC,Aberhart Farms,2022,Dancing East,Oats,Milling - CS Camden,2022-09-29,117.1,117,,13700.7,117.1,Dancing East,2022,Spring Oats,42.90876691123,183.172036584559,4.2688720690461,
202221 ABERHART FARMS INC,Aberhart Farms,2021,Dancing Half,Canola,LL - InVigor L255PC,2021-09-15,208,208,,6683,32.13,Dancing Half,2021,Canola,87.3828792822,107.482825215987,1.23002155684153,
202221 ABERHART FARMS INC,Aberhart Farms,2022,Dancing Half,Oats,Milling - CS Camden,2022-09-28,220,220,,26708,121.4,Dancing Half,2022,Spring Oats,82.16534258049,378.406437594175,4.60542639645765,
202221 ABERHART FARMS INC,Aberhart Farms,2021,Dancing L Block,Canola,LL - InVigor L255PC,2021-09-15,214,225.81,,4276.59,19.23,Dancing L Block,2021,Canola,85.1182349328,95.8984942179129,1.12665040920578,
202221 ABERHART FARMS INC,Aberhart Farms,2021,Dancing L Block,Canola,LL - InVigor L255PC,2021-09-16,214,214,,5047,23.58,Dancing L Block,2022,Spring Oats,76.87128654705,312.364259785664,4.06347121033908,
202221 ABERHART FARMS INC,Aberhart Farms,2022,Dancing L Block,Oats,Milling - CS Camden,2022-09-29,214,214,,24567.2,114.8,,,,,,,
202221 ABERHART FARMS INC,Aberhart Farms,2022,Dancing L Block Breaking,Canola,LL - Invigor L340PC,2022-10-14,98,98,,3234,33,Dancing L Breaking,2022,Canola,30.6841981509,63.2246172502684,2.06049436062627,
202221 ABERHART FARMS INC,Aberhart Farms,2021,Dancing West,Canola,LL - InVigor L255PC,2021-09-15,119,125.27,,2230.93,18.5,Dancing West,2021,Canola,46.6960625111,50.0713840153542,1.07228278622961,
202221 ABERHART FARMS INC,Aberhart Farms,2021,Dancing West,Canola,LL - InVigor L255PC,2021-09-15,119,119,,2704,22.72,,,,,,,
202221 ABERHART FARMS INC,Aberhart Farms,2022,Dancing West,Oats,Milling - CS Camden,2022-09-13,117.1,114,,14854.2,130.3,Dancing West,2022,Spring Oats,43.7436801662,200.118306373314,4.57479356133237,
202221 ABERHART FARMS INC,Hillwell Farms,2021,Daryl Home Sec,Canola,LL - Invigor L340PC,2021-09-13,593,593,,22848,38.53,Daryl Home Sec,2021,Canola,241.8646284344,436.151109032078,1.80328604416157,
202221 ABERHART FARMS INC,Hillwell Farms,2022,Daryl Home Sec,Wheat,HRS - AAC Starbuck VB,2022-10-03,162,600,,35460,59.1,Daryl Home Sec,2022,Winter Wheat,226.3275996873,862.063693843825,3.80891988000966,
202221 ABERHART FARMS INC,David Schepp,2021,David,Barley,2 Row Malt - AAC Synergy,2021-08-08,275,293,,18669,63.72,David Manitoba Half,2021,Spring Barley,118.2450886696,420.000316403425,3.55194724050644,
202221 ABERHART FARMS INC,David Schepp,2022,David Manitoba Half,Canola,LL - Invigor L356PC,2022-10-11,287,287,,10590.3,36.9,David Manitoba Half,2022,Canola,103.438987343535,203.040431951656,1.96290042242322,
202221 ABERHART FARMS INC,David Schepp,2021,Davids and Hermans S,Barley,2 Row Malt,2021-08-07,530,530,,33486,63.18,Davids and Hermans S,2021,Spring Barley,205.5839846774,795.882462481058,3.8713252091594,
202221 ABERHART FARMS INC,David Schepp,2022,Davids and Hermans S,Canola,LL - Invigor L356PC,2022-10-10,512,512,,20736,40.5,Davids and Hermans S,2022,Canola,170.76762405803,366.659714317895,2.14712663679913,
202221 ABERHART FARMS INC,Cantara Capital,2021,Decock Home Half,Wheat,HRS - AAC Starbuck VB,2021-09-04,238,238,,11991,50.38,Decock Home Half,2021,Winter Wheat,95.5570164521,334.610745243028,3.50168682182286,
202221 ABERHART FARMS INC,Aberhart Farms,2022,Decock Home Half,Canola,LL - Invigor L340PC,2022-10-04,230,230,,11178,48.6,Decock Home Half,2022,Canola,92.5784506737,240.465990378838,2.59742940856052,
202221 ABERHART FARMS INC,Bahsler Farms,2021,Ditch Field,Peas,Yellow - AAC Chrome Variety,2021-08-14,155,152,,7119,46.84,Ditch Field,2021,Other,60.6160177656,149.118029509376,2.46004331868203,
202221 ABERHART FARMS INC,Bahsler Farms,2022,Ditch Field,Canola,LL - Invigor L340PC,2022-09-27,158,155,,6246.5,40.3,Ditch Field,2022,Canola,59.7393469352,126.641747633266,2.11990512334585,
202221 ABERHART FARMS INC,Hillwell Farms,2021,Dwayne Home Sec,Canola,LL - InVigor L233P,2021-09-09,636,671.87,,20906.7,31.4,Dwayne Home Sec,2021,Canola,260.4808730204,473.304240793858,1.81704028900728,
202221 ABERHART FARMS INC,Hillwell Farms,2021,Dwayne Home Sec,Canola,LL - InVigor L233P,2021-09-09,636,636,,23186,36.46,,,,,,,
202221 ABERHART FARMS INC,Hillwell Farms,2022,Dwayne Home Sec,Wheat,HRS - AAC Wheatland VB,2022-09-05,618,618,,37018.2,59.9,Dwayne Home Sec,2022,Spring Wheat,235.46103477141,873.001395393385,3.7076257489521,
202221 ABERHART FARMS INC,Hillwell Farms,2021,Dwayne North Sec,Canola,LL - InVigor L233P,2021-09-11,650,650,,21814,33.56,Dwayne North Sec,2021,Canola,266.2213305482,402.754900695856,1.51285736521002,
202221 ABERHART FARMS INC,Hillwell Farms,2022,Dwayne North Sec,Wheat,HRS - AAC Wheatland VB,2022-09-04,632,632,,37224.8,58.9,Dwayne North Sec,2022,Spring Wheat,252.8376753272,858.538115492468,3.39560990814136,
202221 ABERHART FARMS INC,Cantara Capital,2021,Elevator Half,Wheat,HRS - AAC Wheatland VB,2021-08-19,305,325.05,,14952.31,47.32,Elevator Half,2021,Spring Wheat,123.1674340401,403.913100759987,3.27938228077792,
202221 ABERHART FARMS INC,Cantara Capital,2021,Elevator Half,Wheat,HRS - AAC Wheatland VB,2021-08-30,305,302,,13465,44.59,Elevator Half,2022,Canola,116.28613919665,265.515488450111,2.28329438301413,
202221 ABERHART FARMS INC,Aberhart Farms,2022,Elevator Half,Canola,LL - Invigor L340PC,2022-10-03,305,294,,12612.6,42.9,,,,,,,
202221 ABERHART FARMS INC,Hillwell Farms,2021,Ellinghams,Canola,LL - InVigor L233P,2021-09-11,154,155,,6057,39.08,Ellinghams,2021,Canola,63.4225101274,124.288107099323,1.95968445351121,
202221 ABERHART FARMS INC,Hillwell Farms,2022,Ellinghams,Wheat,HRS - AAC Wheatland VB,2022-09-09,151,151,,8803.3,58.3,Ellinghams,2022,Spring Wheat,60.1054990085,223.70908809366,3.7219404511062,
202221 ABERHART FARMS INC,Single Owner,2021,Garths Home ,Canola,LL - Invigor L357P,2021-09-08,128,127,,5495,43.27,Garths Home,2021,Canola,36.5783926112,79.5500982279618,2.17478386963358,
202221 ABERHART FARMS INC,Single Owner,2022,Garths Home ,Barley,2 Row Malt - AAC Synergy,2022-09-03,122,122,,13773.8,112.9,Garths Home,2022,Spring Barley/Winter Wheat,25.2216634057,137.476951565,5.45074880088721,
202221 ABERHART FARMS INC,Aberhart Farms,2021,Garths Old Quarter,Canola,LL - Invigor L357P,2021-09-08,158,160,,7549,47.18,Garths Old Quarter,2021,Canola,45.480745691,98.8557617668608,2.1735738995683,
202221 ABERHART FARMS INC,Aberhart Farms,2022,Garths Old Quarter,Barley,2 Row Malt - AAC Synergy,2022-08-30,210,158,,15942.2,100.9,Garths Old Quarter,2022,Spring Barley/Winter Wheat/Corn,16.4528747374,88.5231640040467,5.38040709705396,
202221 ABERHART FARMS INC,Hillwell Farms,2021,Gerber's,Barley,2 Row Malt - AAC Synergy,2021-08-13,152,155,,9331,60.2,Gerber's,2021,Spring Barley,63.3495237523,221.165367366041,3.49119226579838,
202221 ABERHART FARMS INC,Hillwell Farms,2022,Gerber's,Canola,LL - Invigor L356PC,2022-10-12,155,,,6116.297,40.7753,,,,,,,
202221 ABERHART FARMS INC,Aberhart Farms,2021,Gopherville Block,Canola,LL - Invigor L340PC,2021-09-12,473,473,,21769,46.02,Gopherville Block,2021,Canola,193.1741083918,399.015737004512,2.06557566294143,
202221 ABERHART FARMS INC,Aberhart Farms,2022,Gopherville Block,Peas,Yellow - CDC Lewechko,2022-09-14,443,443,,24542.2,55.4,Gopherville Block,2022,Other,173.6524695399,631.6568011656,3.63747663847916,
202221 ABERHART FARMS INC,Bahsler Farms,2021,Gordon Home Half,Peas,Yellow - AAC Chrome Variety,2021-08-15,251,251,,9580,38.17,Gordon Home Half,2021,Other,93.3179917895,214.708648546939,2.30082800143474,
202221 ABERHART FARMS INC,Bahsler Farms,2022,Gordon Home Half,Canola,LL - Invigor L340PC,2022-10-08,250,250,,10050,40.2,Gordon Home Half,2022,Canola,83.7987554517,211.538812344551,2.52436699333175,
202221 ABERHART FARMS INC,Aberhart Farms,2021,Goudys Home North,Wheat,HRS - CDC Landmark VB,2021-08-17,502,525.29,,25717.08,49.81,Goudys Home North,2021,Spring Wheat,203.7268132774,695.337572034298,3.41308814901801,
202221 ABERHART FARMS INC,Aberhart Farms,2021,Goudys Home North,Wheat,HRS - CDC Landmark VB,2021-08-17,502,502,,25511,50.82,,,,,,,
202221 ABERHART FARMS INC,Aberhart Farms,2022,Goudys Home North,Canola,LL - Invigor L357P,2022-10-12,470,470,,19411,41.3,Goudys Home North,2022,Canola,194.344746132,404.294335103027,2.08029464726784,
202221 ABERHART FARMS INC,Aberhart Farms,2022,Goudys Home North,Canola,NA,NA,518.23,NA,,NA,NA,,,,,,,
202221 ABERHART FARMS INC,Aberhart Farms,2021,Goudys Home South,Wheat,HRS - CDC Landmark VB,2021-08-17,428,428,,23026,53.799,Goudys Home South,2021,Spring Wheat,172.1416791523,658.918387586588,3.82776786442067,
202221 ABERHART FARMS INC,Aberhart Farms,2022,Goudys Home South,Canola,LL - Invigor L340PC,2022-10-13,421,421,,19702.8,46.8,Goudys Home South,2022,Canola,171.01326280342,395.052406064628,2.31006881915786,
202221 ABERHART FARMS INC,Aberhart Farms,2021,Goudys North Section,Wheat,HRS - CDC Landmark VB,2021-08-18,642,636,,31462,49.47,Goudys North Section,2021,Spring Wheat,258.6720693386,866.739057755044,3.35072534105137,
202221 ABERHART FARMS INC,Aberhart Farms,2022,Goudys North Section,Canola,LL - Invigor L357P,2022-10-14,594,594,,24948,42,Goudys North Section,2022,Canola,240.39954549785,499.036162653681,2.07586150639434,
202221 ABERHART FARMS INC,Aberhart Farms,2021,Gravel Pile,Canola,LL - Invigor L340PC,2021-09-08,229,229,,10697,46.71,Gravel Pile,2021,Canola,76.7026325696,173.401557165815,2.26069890115532,
202221 ABERHART FARMS INC,Aberhart Farms,2022,Gravel Pile,Wheat,HRS - AAC Wheatland VB,2022-09-06,215,215,,12319.5,57.3,Gravel Pile,2022,Winter Wheat,88.5899766495,304.993434373408,3.44275329905653,
202221 ABERHART FARMS INC,Hillwell Farms,2021,Gus,Wheat,HRS - AAC Wheatland VB,2021-08-19,159,159,,6640,41.76,Gus,2021,Spring Wheat,62.6939712485,193.120915444934,3.08037458146431,
202221 ABERHART FARMS INC,Hillwell Farms,2022,Gus,Canola,LL - Invigor L340PC,2022-10-04,149,149,,6436.8,43.2,Gus,2022,Canola,59.3975423534,139.586667970765,2.35004113706019,
202221 ABERHART FARMS INC,Aberhart Farms,2021,Harrowby Quarter,Barley,2 Row Malt - AAC Synergy,2021-08-13,110,115,,8561,74.44,Harrowby Quater,2021,Spring Barley/Other,45.2457085044,154.464587591845,3.41390581997017,
202221 ABERHART FARMS INC,Aberhart Farms,2022,Harrowby Quarter,Canola,LL - Invigor L340PC,NA,115,NA,,NA,NA,,,,,,,
202221 ABERHART FARMS INC,Halwas Farms,2021,Hay Plant,Canola,LL - InVigor L233P,2021-09-19,475,475,,21246,44.73,Hay Plant,2021,Canola,196.9788301292,392.757820278195,1.99390878715536,
202221 ABERHART FARMS INC,Halwas Farms,2022,Hay Plant,Barley,2 Row Malt - AAC Synergy,2022-09-01,210,466,,56246.2,120.7,Hay Plant,2022,Spring Barley,189.0076851232,1218.724078435,6.44801335797854,
202221 ABERHART FARMS INC,Aberhart Farms,2021,Home Block,Peas,Green - CDC Striker,2021-08-03,317,317,,9894,31.21,Home Block,2021,Other/Spring Barley,118.7787750334,195.421334448871,1.64525467108008,
202221 ABERHART FARMS INC,Aberhart Farms,2022,Home Block,Canola,LL - Invigor L340PC,2022-10-14,335,335,,15812,47.2,Home Block,2022,Canola,122.9606644392,283.009088645278,2.30162296158717,
202221 ABERHART FARMS INC,Hillwell Farms,2021,Joe's,Canola,LL,2021-09-10,162,162,,5711,35.25,Joe's,2021,Canola,66.841302284,114.594245122722,1.71442268787382,
202221 ABERHART FARMS INC,Hillwell Farms,2022,Joe's,Wheat,HRS - AAC Wheatland VB,2022-09-05,160,160,,9168,57.3,Joe's,2022,Spring Wheat,64.28044298197,211.668348845636,3.29288877030619,
202221 ABERHART FARMS INC,Aberhart Farms,2021,Johnson Marchwell,Peas,Green - CDC Striker,2021-08-16,163,165,,5386,32.64,Johnson Marchwell,2021,Other,64.3507508259,126.598627564523,1.96732168529058,
202221 ABERHART FARMS INC,Aberhart Farms,2022,Johnson Marchwell,Canola,LL - Invigor L340PC,2022-10-07,163,165,,8910,54,Johnson Marchwell,2022,Canola,65.77024478725,177.644533621023,2.70098635326138,
202221 ABERHART FARMS INC,Hillwell Farms,2021,Jonnys,Barley,2 Row Malt - AAC Synergy,2021-08-13,150,157.65,,7577.64,48.67,Jonnys,2021,Spring Barley,61.7699637376,163.608599531117,2.64867566097544,
202221 ABERHART FARMS INC,Hillwell Farms,2021,Jonnys,Barley,2 Row Malt - AAC Synergy,2021-08-14,150,153,,7438,48.61,,,,,,,
202221 ABERHART FARMS INC,Hillwell Farms,2022,Jonnys,Canola,LL - Invigor L340PC,NA,153,NA,,NA,NA,,,,,,,
202221 ABERHART FARMS INC,Cantara Capital,2021,Kammameyer Half,Wheat,HRS,2021-09-03,300,309,,14527,47.01,Kammameyer Half,2021,Winter Wheat/Spring Wheat,125.9729788318,412.556265009081,3.27495839849853,
202221 ABERHART FARMS INC,Aberhart Farms,2022,Kammameyer Half,Canola,LL - Invigor L340PC,2022-10-05,300,300,,13680,45.6,Kammameyer Half,2022,Canola,119.50184282647,290.729223252383,2.43284301209107,
202221 ABERHART FARMS INC,Ken and Wayne Adams,2021,Ken home,Peas,Yellow - AAC Chrome Variety,2021-08-15,137,137,,5419,39.55,Ken home,2021,Other,52.8723862124,105.803060447854,2.00110242845518,
202221 ABERHART FARMS INC,Ken and Wayne Adams,2022,Ken home,Canola,LL - Invigor L340PC,2022-09-26,137,137,,5699.2,41.6,Ken home,2022,Canola,53.7645163549,117.535955852376,2.18612504716903,
202221 ABERHART FARMS INC,Rob Bryer,2021,Kilman Sign,Wheat,HRS - CDC Landmark VB,2021-09-05,156,153.76,,6418.35,42.91,Kilman Sign,2021,Spring Wheat,58.0731857622,173.736000066393,2.99167331335692,
202221 ABERHART FARMS INC,Rob Bryer,2021,Kilman Sign,Wheat,HRS - CDC Landmark VB,2021-09-05,156,156,,6067,38.89,,,,,,,
202221 ABERHART FARMS INC,Rob Bryer,2022,Kilman Sign,Canola,LL - Invigor L356PC,2022-09-24,141,141,,6471.9,45.9,Kilman Sign,2022,Canola,59.0292022323,141.25212296416,2.3929193962047,
202221 ABERHART FARMS INC,Rob Bryer,2021,Lake Half,Wheat,HRS - CDC Landmark VB,2021-09-07,260,260,,14213,54.67,Lake Half,2021,Spring Wheat,93.4513569912,371.151900979869,3.97160525999445,
202221 ABERHART FARMS INC,Rob Bryer,2022,Lake Half,Canola,LL - Invigor L356PC,2022-09-25,255,255,,12699,49.8,Lake Half,2022,Canola,102.47507312104,251.99908421233,2.45912568332279,
202221 ABERHART FARMS INC,Rob Bryer,2021,Mac Home,Canola,LL - InVigor L255PC,2021-09-22,125,125,,5096,40.77,Mac Home,2021,Canola,53.5059363558,92.7951300280338,1.73429597439378,
202221 ABERHART FARMS INC,Rob Bryer,2022,Mac Home,Wheat,HRS - AAC Starbuck VB,2022-09-30,128,128,,8921.6,69.7,Mac Home,2022,Winter Wheat,48.2166922348,200.204090861753,4.15217389626859,
202221 ABERHART FARMS INC,Rob Bryer,2021,Mac L Field,Canola,LL - InVigor L255PC,2021-09-22,553,553,,22079,39.93,Mac L Field,2021,Canola,230.1893128112,372.102141693074,1.61650485484645,
202221 ABERHART FARMS INC,Rob Bryer,2022,Mac L Field,Wheat,HRS - AAC Wheatland VB,2022-09-18,546,546,,40567.8,74.3,Mac L Field,2022,Winter Wheat/Spring Wheat,217.22263699985,934.505703427639,4.3020640773654,
202221 ABERHART FARMS INC,Cantara Capital,2021,Mitschke Section,Wheat,HRS - CDC Landmark VB,2021-08-31,641,641,,27800,43.37,Mitchke Section,2021,Spring Wheat,250.2340080512,832.147075953578,3.32547555160174,
202221 ABERHART FARMS INC,Aberhart Farms,2022,Mitschke Section,Canola,LL - Invigor L340PC,2022-10-07,624,620,,28892,46.6,Mitchke Section,2022,Canola,249.01343742079,612.043142418717,2.45787194762694,
202221 ABERHART FARMS INC,Ken and Wayne Adams,2021,Nerbas Quarter,Peas,Yellow - AAC Carver,2021-08-05,154,154,,3542,23,Nerbas Quarter,2021,Other,55.1600024948,61.8653274871068,1.12156136129506,
202221 ABERHART FARMS INC,Ken and Wayne Adams,2022,Nerbas Quarter,Canola,LL - Invigor L340PC,2022-09-26,152,152,,6338.4,41.7,Nerbas Quarter,2022,Canola,59.18165053198,134.121011998241,2.26626007880206,
202221 ABERHART FARMS INC,Ken and Wayne Adams,2021,Orchard Quarter,Wheat,HRS - CDC Landmark VB,2021-09-04,161,140,,4041,28.86,Orchard Quarter,2021,Spring Wheat,45.3300360778,152.051210592822,3.35431479321693,
202221 ABERHART FARMS INC,Ken and Wayne Adams,2022,Orchard Quarter,Canola,LL - Invigor L340PC,2022-09-27,137,137,,6260.9,45.7,Orchard Quarter,2022,Canola,54.53271384131,130.007792833896,2.38403306338683,
202221 ABERHART FARMS INC,Ken and Wayne Adams,2021,Philips Quarter,Peas,Yellow - AAC Carver,2021-08-02,158,158,,5167,32.7,Philips Quarter,2021,Other,49.5193494432,66.3088413622152,1.33904912135958,
202221 ABERHART FARMS INC,Ken and Wayne Adams,2022,Philips Quarter,Canola,LL - Invigor L340PC,2022-09-26,152,152,,7797.6,51.3,Philips Quarter,2022,Canola,61.9946943966,166.106608670646,2.6793681344408,
202221 ABERHART FARMS INC,Aberhart Farms,2021,Railway Field,Canola,LL - InVigor L255PC,2021-09-16,65,65,,1725,26.54,Railway Field,2021,Canola,26.8683912473,30.3202583504487,1.12847315908784,
202221 ABERHART FARMS INC,Aberhart Farms,2022,Railway Field,Oats,Milling - CS Camden,2022-09-29,65,65,,7644,117.6,Railway Field,2022,Spring Oats,22.479169972,97.5749786554245,4.34068423242334,
202221 ABERHART FARMS INC,Aberhart Farms,2022,Railway Breaking,Canola,LL - Invigor L340PC,2022-10-14,41,41,,1562.1,38.1,Railway Breaking,2022,Canola,14.6186384948,30.0093247119877,2.05281255998377,
202221 ABERHART FARMS INC,Halwas Farms,2021,Ron Home,Canola,LL - InVigor L255PC,2021-09-18,145,142,,6299,44.36,Ron Home,2021,Canola,58.9230732595,117.599734731551,1.9958180764543,
202221 ABERHART FARMS INC,Halwas Farms,2022,Ron Home,Barley,2 Row Malt - AAC Synergy,2022-09-02,135,135,,14350.5,106.3,Ron Home,2022,Spring Barley,55.034954013,293.232432803549,5.32811261610727,
202221 ABERHART FARMS INC,Halwas Farms,2021,Ron North Half,Canola,LL - InVigor L233P,2021-09-18,221,221,,10591,47.92,Ron North Half,2021,Canola,92.3706216028,207.161037720207,2.24271563973028,
202221 ABERHART FARMS INC,Halwas Farms,2022,Ron North Half,Barley,2 Row Malt - AAC Synergy,2022-09-01,213,213,,21534.3,101.1,Ron North Half,2022,Spring Barley,85.19879500285,427.18019873937,5.01392301059047,
202221 ABERHART FARMS INC,Rob Bryer,2021,Russin L Field,Canola,LL,2021-09-22,465,465,,16196,34.83,Russin L Field,2021,Canola,197.6275881,296.196167129445,1.49875920653127,
202221 ABERHART FARMS INC,Rob Bryer,2022,Russin L Field,Wheat,HRS - AAC Wheatland VB,2022-09-08,465,465,,35572.5,76.5,Russin L Field,2022,Winter Wheat,187.16768076265,894.338845849391,4.77827604747379,
202221 ABERHART FARMS INC,Rob Bryer,2021,Russin South Half,Canola,LL - InVigor L255PC,2021-09-20,304,304,,11271,37.08,Russin South Half,2021,Canola,126.005517719,197.502268359613,1.56740968121773,
202221 ABERHART FARMS INC,Rob Bryer,2022,Russin South Half,Wheat,HRS - AAC Wheatland VB,2022-09-07,282,282,,23462.4,83.2,Russin South Half,2022,Spring Oats/Winter Wheat/Spring Wheat,116.84422248829,555.771831357818,4.7565195738584,
202221 ABERHART FARMS INC,Cantara Capital,2021,Town Half,Wheat,HRS - AAC Wheatland VB,2021-08-30,301,260,,12198,46.92,Town Half,2021,Spring Wheat,102.564649133,365.326350835047,3.56191293904114,
202221 ABERHART FARMS INC,Aberhart Farms,2022,Town Half,Canola,LL - Invigor L340PC,2022-10-04,258,253,,11865.7,46.9,Town Half,2022,Canola,98.6123330697,244.280242658624,2.47717739814517,
202221 ABERHART FARMS INC,Ken and Wayne Adams,2021,Waynes Quarter,Wheat,HRS,2021-09-05,300,162,,12041,74.33,Waynes Quarter,2021,Spring Wheat,46.1718948548,184.381231235323,3.99336505064735,
202221 ABERHART FARMS INC,Ken and Wayne Adams,2022,Waynes Quarter,Canola,LL - Invigor L340PC,2022-09-26,150,150,,6645,44.3,Waynes Quarter,2022,Canola,61.1180719005,136.58590219693,2.2347874851041,
202221 ABERHART FARMS INC,Rob Bryer,2021,West of 482,Wheat,HRS,2021-09-05,614,324.19,,16021.66,50.28,West of 482,2021,Spring Wheat,125.2868177375,433.68279464918,3.46151975507773,
202221 ABERHART FARMS INC,Rob Bryer,2021,West of 482,Wheat,HRS,2021-09-06,614,314,,15273,48.64,,,,,,,
202221 ABERHART FARMS INC,Rob Bryer,2022,West of 482,Canola,LL - Invigor L356PC,2022-09-25,307,303,,15665.1,51.7,West of 482,2022,Canola,122.6877955905,325.332450620143,2.65170996882215,
202221 ABERHART FARMS INC,Rob Bryer,2021,West of Kilman Sign,Wheat,HRS - CDC Landmark VB,2021-09-05,240,240,,10401,43.34,West of Kilman Sign,2021,Spring Wheat,96.305758024,309.976936051572,3.21867500356857,
202221 ABERHART FARMS INC,Rob Bryer,2022,West of Kilman Sign,Canola,LL - Invigor L356PC,2022-09-22,230,221,,11425.7,51.7,West of Kilman Sign,2022,Canola,88.8034129412,251.101868143457,2.8276150637332,
202221 ABERHART FARMS INC,Hillwell Farms,2021,West Place,Canola,LL - InVigor L233P,2021-09-10,150,165.21,,5359.37,32.99,West Place,2021,Canola,63.6569274758,121.355304496654,1.90639588350834,
202221 ABERHART FARMS INC,Hillwell Farms,2021,West Place,Canola,LL - InVigor L233P,2021-09-10,150,152,,6350,41.78,,,,,,,
202221 ABERHART FARMS INC,Hillwell Farms,2022,West Place ,Wheat,HRS - AAC Wheatland VB,2022-09-05,154,154,,8947.4,58.1,West Place,2022,Spring Wheat,60.4024706081,215.737955230072,3.57167435467684,
202231 HILLSBORO FARMS,,2018,F1 S S11,Spring Wheat,,2018-10-05,,300,746610.791670561,,41.4784149436269,F1 S S11,2018,Wheat - Sft Rd Wtr,60.663583387,381.156256555078,6.28311476629253,
202231 HILLSBORO FARMS,,2018,F10 SW05,Peas,,2018-09-28,,102,270524.51096,,44.1,F10 SW05,2018,Other,24.366718547,74.4652139768784,3.05602142665396,
202231 HILLSBORO FARMS,,2018,F12 W21,Canola,,2018-10-22,,317,632827.35252,,39.9,F12 W21,2018,Canola,127.9958033426,301.62937547814,2.35655675890235,
202231 HILLSBORO FARMS,,2018,F14 SE31,Canola,,2018-10-29,,159,208623.1906,,26.2,F14 SE31,2018,Canola,33.9647665216,68.720405721595,2.02328509097485,
202231 HILLSBORO FARMS,,2018,F15 NE24,Spring Wheat,,NA,,155,567224.47518,,61,F15 NE24,2018,Wheat - Sft Rd Wtr,62.3376006182,288.787495493473,4.63263732690345,
202231 HILLSBORO FARMS,,2018,F16 NW24,Peas,,NA,,145,417854.85632,,48,F16 NW24,2018,Other,57.214482426,188.059921984136,3.28692865879489,
202231 HILLSBORO FARMS,,2018,F17 SE26,Canola,,2018-10-25,,153,205699.86448,,26.9,F17 SE26,2018,Canola,60.474390411,95.1387194284068,1.57320675383115,
202231 HILLSBORO FARMS,,2018,F18 Sec 04,Canola,,2018-10-22,,624,818460.76576,,26.2,F18 Sec 04,2018,Canola,168.2952041536,282.759444510486,1.68013964469491,
202231 HILLSBORO FARMS,,2018,F19a W11,Peas,,2018-10-01,,46,77598.21476,,28.4,F19a W11,2018,Other,16.1134592144,32.4642655010674,2.01472974046785,
202231 HILLSBORO FARMS,,2018,F19b W11,Canola,,2018-10-23,,118,300064.21434,,31.9,F19b W11,2018,Canola,75.1993474102,139.633023637722,1.85683823658797,
202231 HILLSBORO FARMS,,2018,F19d E11,CWRS,,2018-10-01,,310,1175084.5062,,62.1,F19d E11,2018,Wheat - Sft Rd Wtr/Other,123.5654705736,623.500366316926,5.04591099295452,
202231 HILLSBORO FARMS,,2018,F2 N S11,Spring Wheat,,2018-10-06,,159,776820.741217002,,81.4278474897937,F2 N S11,2018,Wheat - Sft Rd Wtr,63.9073608282,401.043358811053,6.27538602148138,
202231 HILLSBORO FARMS,,2018,F21 SE08,Canola,,2018-10-24,,157,195915.76092,,25,F21 SE08,2018,Canola,29.080685632,56.5348628728376,1.94406911818569,
202231 HILLSBORO FARMS,,2018,F22 N13,Spring Wheat,,2018-10-15,,275,1207141.88562,,73.2,F22 N13,2018,Wheat - Sft Rd Wtr,110.5612369544,608.779299898821,5.50626346691388,
202231 HILLSBORO FARMS,,2018,F25 Wieben,Spring Wheat,,2018-10-03,,940,3577057.67936,,63.4,F25 Wieben,2018,Wheat - Sft Rd Wtr,373.9696195974,1785.08774395992,4.77334962631903,
202231 HILLSBORO FARMS,,2018,F26 NW24,Canola,,2018-10-24,,81,86568.81354,,21.4,F26 NW24,2018,Canola,19.077952405,21.7294931602338,1.13898455656797,
202231 HILLSBORO FARMS,,2018,F5 NE05,Canola,,2018-10-27,,121,142292.890777893,,23.5195140495868,F5 NE05,2018,Canola,16.7401698962,26.7613833047114,1.59863271822505,
202231 HILLSBORO FARMS,,2018,F6a NW31,Canola,,NA,,248,507904.76484,,41,F6a NW31,2018,Canola,100.1685912058,289.439386738355,2.88952238674987,
202231 HILLSBORO FARMS,,2018,F7 N32,Peas,,2018-09-24,,310,1207644.60550902,,65,F7 N32,2018,Other,121.4442577522,553.705375383722,4.55933763878343,
202231 HILLSBORO FARMS,,2018,F8 N33,CWRS,,2018-10-20,,273,720366.19886,,44,F8 N33,2018,Spring Wheat,53.7851298078,186.681252814087,3.47087110287153,
202231 HILLSBORO FARMS,,2018,F9 SE06,Peas,,2018-10-30,,75,179938.87978,,39.9,F9 SE06,2018,Other,19.8594163624,54.815359432431,2.76016970650826,
202231 HILLSBORO FARMS,,2019,F1 S S11,Peas,,2019-10-03,,147,399111.17708,,45.1,F1 S S11,2019,Other,56.1014283516,124.354024993438,2.21659285061485,
202231 HILLSBORO FARMS,,2019,F10 SW05,CWRS,,2019-10-12,,159,460926.51726,,48.3,F10 SW05,2019,Spring Wheat,39.9023111914,179.88793834495,4.50820849654745,
202231 HILLSBORO FARMS,,2019,F12 W21,Spring Wheat,,2019-10-14,,315,1196132.01334,,63.3,F12 W21,2019,Wheat - Sft Rd Wtr,29.944565485,159.523782868658,5.32730331146623,
202231 HILLSBORO FARMS,,2019,F14 SE31,Spring Wheat,,2020-05-12,,134,384368.88314,,47.7,,,,,,,
202231 HILLSBORO FARMS,,2019,F14 SE31,CWRS,,2020-05-13,,22,47097.29706,,35.7,,,,,,,
202231 HILLSBORO FARMS,,2019,F15 NE24,Canola,,NA,,158,312844.39648,,39.6,F15 NE24,2019,Canola,62.170516756,221.519189932094,3.56309069782206,
202231 HILLSBORO FARMS,,2019,F17 SE26,CWRS,,2019-11-22,,154,522424.39216,,56.5,F17 SE26,2019,Wheat - Sft Rd Wtr/Spring Wheat/Other,38.3147770348,203.375298605288,5.30801206074015,
202231 HILLSBORO FARMS,,2019,F18 Sec 04,Spring Wheat,,NA,,624,2236214.40922,,59.7,F18 Sec 04,2019,Wheat - Sft Rd Wtr,171.4463718238,863.48370416104,5.03646530967984,
202231 HILLSBORO FARMS,,2019,F19a W11,Canola,,2019-10-30,,92,174136.31994,,37.9,F19a W11,2019,Canola,37.1000746244,124.236038151996,3.34867353798496,
202231 HILLSBORO FARMS,,2019,F19b W11,CWRS,,2019-11-07,,NA,NA,,NA,F19b W11,2019,Wheat - Sft Rd Wtr/Spring Wheat,28.6383937646,119.687368238204,4.17926260886007,
202231 HILLSBORO FARMS,,2019,F19d E11,Canola,,2019-10-30,,310,605371.01504,,39.1,F19d E11,2019,Canola,124.165035659,372.737838926164,3.00195491386021,
202231 HILLSBORO FARMS,,2019,F2 N S11,Peas,,2019-10-01,,158,418392.7836,,44.1,F2 N S11,2019,Other,56.1690941968,145.955412066452,2.59850037024039,
202231 HILLSBORO FARMS,,2019,F21 SE08,Spring Wheat,,2019-11-05,,151,449832.86942,,49.8,F21 SE08,2019,Wheat - Sft Rd Wtr,1.993099132,12.032249507436,6.03695486805119,
202231 HILLSBORO FARMS,,2019,F22 N13,Peas,,2019-09-24,,276,1027597.63282,,62.1,F22 N13,2019,Other,107.2181023432,302.662476927659,2.82286731730106,
202231 HILLSBORO FARMS,,2019,F25 Wieben,Peas,,2019-10-04,,733,1334619.62788,,30.3,F25 Wieben,2019,Other,40.0496303788,118.977354887845,2.97074788862034,
202231 HILLSBORO FARMS,,2019,F26 NW24,CWRS,,2020-05-13,,49,140160.92112,,47.7,,,,,,,
202231 HILLSBORO FARMS,,2019,F5 NE05,CWRS,,2019-11-23,,120,407162.44932,,56.4,F5 NE05,2019,Wheat - Sft Rd Wtr,44.9867593742,195.2705410566,4.34062252478198,
202231 HILLSBORO FARMS,,2019,F6a NW31,Peas,,2019-09-23,,248,562078.8921,,37.8,F6a NW31,2019,Other,95.7837311516,185.573853583062,1.93742560821052,
202231 HILLSBORO FARMS,,2019,F7 N32,Canola,,2019-10-28,,313,584457.98972,,37.3,F7 N32,2019,Canola,122.0967502728,398.111928881859,3.26062674061644,
202231 HILLSBORO FARMS,,2019,F8 N33,Peas,,2020-05-30,,91,71039.47026,,13.1,,,,,,,
202231 HILLSBORO FARMS,,2019,F9 SE06,Canola,,2019-10-31,,155,242755.11744,,31.3,F9 SE06,2019,Canola,61.5656178232,173.09805030272,2.81160258636259,
202231 HILLSBORO FARMS,,2020,F12 W21,Peas,,2020-09-30,,173,38946.81692,,3.7,F12 W21,2020,Other,24.9595154516,16.6505733896224,0.667103230505824,
202231 HILLSBORO FARMS,,2020,F14 SE31,Peas,,2020-09-29,,151,127572.54092,,14.1,F14 SE31,2020,Other,42.8034137228,56.5713057548028,1.32165406528473,
202231 HILLSBORO FARMS,,2020,F15 NE24,Spring Wheat,,NA,,158,309656.51596,,32.7,F15 NE24,2020,Wheat - Sft Rd Wtr,52.714971435,182.056621505197,3.45360372109243,
202231 HILLSBORO FARMS,,2020,F18 Sec 04,Peas,,2020-09-18,,509,193697.9132,,6.3,F18 Sec 04,2020,Other,106.6129693786,79.3624891472538,0.744398074735398,
202231 HILLSBORO FARMS,,2020,F19d E11,Peas,,2020-10-02,,101,151157.56568,,25,F19d E11,2020,Other,34.9117049968,69.8991773123546,2.00217025547052,
202231 HILLSBORO FARMS,,2020,F22 N13,CWRS,,2020-10-28,,41,71612.67146,,29.1,F22 N13,2020,Wheat - Sft Rd Wtr/Spring Oats,92.0335137764,264.827568970267,2.8775123115877,
202231 HILLSBORO FARMS,,2020,F22 N13,Spring Wheat,,2020-10-27,,185,397819.26976,,35.8,,,,,,,
202231 HILLSBORO FARMS,,2020,F22 N13,Oats,,2020-10-29,,37,26753.0637,,21.5,,,,,,,
202231 HILLSBORO FARMS,,2020,F25 Wieben,Oats,,2020-10-29,,39,3432.59334,,2.6,F25 Wieben,2020,Spring Oats/Other,60.0863925116,42.1761357479932,0.701924911532189,
202231 HILLSBORO FARMS,,2020,F25a,Peas,,2020-10-01,,76,11613.93816,,2.6,,,,,,,
202231 HILLSBORO FARMS,,2020,F25b,Peas,,2020-10-01,,297,58609.8227,,3.3,,,,,,,
202231 HILLSBORO FARMS,,2020,F6a NW31,Spring Wheat,,2020-10-03,,250,531763.16248,,35.5,F6a NW31,2020,Wheat - Sft Rd Wtr,82.3432823802,282.520713106175,3.43101106659441,
202231 HILLSBORO FARMS,,2020,F7 N32,Spring Wheat,,2020-10-06,,301,527393.60564,,29.2,F7 N32,2020,Wheat - Sft Rd Wtr,96.4777803218,282.331597278073,2.92638985200904,
202231 HILLSBORO FARMS,,2020,F9 SE06,Oats,,2020-10-28,,84,79959.36278,,28.1,F9 SE06,2020,Spring Oats,20.3607889436,43.9939082421376,2.16071726709618,
202231 HILLSBORO FARMS,,2021,F1 S S11,Canola,,2021-09-30,,148,185278.46942,,25,F1 S S11,2021,Canola,59.4195295406,101.759706781615,1.71256331997857,
202231 HILLSBORO FARMS,,2021,F10 SW05,Winter Wheat,,2021-08-13,,158,451814.8228,,47.7,F10 SW05,2021,Winter Wheat,61.6705406498,210.736540642415,3.41713463871016,
202231 HILLSBORO FARMS,,2021,F12 W21,Peas,,2021-08-25,,317,476910.01226,,25.1,F12 W21,2021,Other,123.4295200134,183.369605859242,1.48562196336285,
202231 HILLSBORO FARMS,,2021,F13 SW31,Winter Wheat,,2021-09-03,,117,180068.95236,,25.7,F13 SW31,2021,Winter Wheat/Wheat - Sft Rd Wtr,46.666045879,87.6383862216838,1.87799040117778,
202231 HILLSBORO FARMS,,2021,F14 SE31,Canola,,2021-10-02,,157,137857.09322,,17.6,F14 SE31,2021,Canola,62.8222007904,81.3743438845794,1.29531189389682,
202231 HILLSBORO FARMS,,2021,F15 NE24,Peas,,2021-08-27,,154,262495.28492,,28.4,F15 NE24,2021,Other,58.9884232472,99.696800786903,1.69010791098973,
202231 HILLSBORO FARMS,,2021,F17 SE26,Peas,,2021-08-19,,153,238242.2603,,26,F17 SE26,2021,Other,59.6542614626,93.0239059316718,1.55938408507484,
202231 HILLSBORO FARMS,,2021,F18 Sec 04,CPSR,,2021-08-28,,624,1682735.73974,,44.9,F18 Sec 04,2021,Wheat - Sft Rd Wtr,244.7575886946,827.760879415195,3.38196206225927,
202231 HILLSBORO FARMS,,2021,F19a W11,Peas,,2021-08-17,,92,120852.85916,,21.9,F19a W11,2021,Other,36.153443431,46.1975777736886,1.27781957649091,
202231 HILLSBORO FARMS,,2021,F19b W11,Peas,,2021-08-17,,187,370332.0676,,33,F19b W11,2021,Other,73.5490653006,133.579872658651,1.81620081931295,
202231 HILLSBORO FARMS,,2021,F19d E11,Barley,,2021-08-28,,308,924297.9581,,62.5,F19d E11,2021,Spring Barley,3.803489668,14.08607837345,3.70346171621308,
202231 HILLSBORO FARMS,,2021,F2 N S11,Canola,,2021-10-01,,159,200686.5586,,25.2,F2 N S11,2021,Canola,64.1050382466,106.516989289084,1.66160090068636,
202231 HILLSBORO FARMS,,2021,F21 SE08,Canola,,2021-10-09,,158,227629.21962,,28.8,F21 SE08,2021,Canola,62.8754723352,122.924520402015,1.95504726782302,
202231 HILLSBORO FARMS,,2021,F22 N13,Canola,,2021-10-02,,276,370649.53288,,26.9,F22 N13,2021,Canola,110.951530297,189.989545561109,1.7123652558242,
202231 HILLSBORO FARMS,,2021,F25 Wieben,CPSR,,2021-09-11,,590,1464169.71294,,41.4,F25 Wieben,2021,Spring Wheat/Wheat - Sft Rd Wtr,365.1886946012,1193.3754353893,3.26783236456021,
202231 HILLSBORO FARMS,,2021,F25 Wieben,CWRS,,2021-09-11,,339,933947.57984,,45.9,,,,,,,
202231 HILLSBORO FARMS,,2021,F26 NW24,Canola,,2021-10-04,,80,83343.45448,,20.8,F26 NW24,2021,Canola,32.0894944742,46.5361012416594,1.45019739338912,
202231 HILLSBORO FARMS,,2021,F3b NW25,Canola,,2021-10-02,,60,85706.80712,,28.6,F3b NW25,2021,Canola,24.2148364316,45.075575240924,1.86148584436032,
202231 HILLSBORO FARMS,,2021,F4c S SW36,Canola,,2021-10-02,,26,33746.11834,,26,F4c S SW36,2021,Canola/Wheat - Sft Rd Wtr,8.811461962,16.1411798282226,1.83183901806902,
202231 HILLSBORO FARMS,,2021,F5 NE05,Peas,,NA,,115,220739.78212,,32,F5 NE05,2021,Other,45.49572099,85.7123878394856,1.88396591974716,
202231 HILLSBORO FARMS,,2021,F6a NW31,Canola,,2021-09-25,,250,350256.79788,,28,F6a NW31,2021,Canola/Wheat - Sft Rd Wtr,99.4171524054,185.77973272881,1.86868893580097,
202231 HILLSBORO FARMS,,2021,F6b NE31,Barley,,NA,,65,50719.48772,,16.3,F6b NE31,2021,Spring Barley,13.4188795462,11.4673861005698,0.854571058715343,
202231 HILLSBORO FARMS,,2021,F7 N32,Peas,,2021-08-18,,310,539468.30938,,29,F7 N32,2021,Winter Wheat/Other,120.7250755894,212.330628045718,1.75879474093584,
202231 HILLSBORO FARMS,,2021,F8 N33,Winter Wheat,,2021-08-24,,271,904478.4243,,55.6,F8 N33,2021,Winter Wheat/Wheat - Sft Rd Wtr,104.7591492402,436.057008898577,4.16247184194625,
202231 HILLSBORO FARMS,,2021,F9 SE06,Canola,,2021-10-04,,142,173942.31338,,24.5,F9 SE06,2021,Canola,56.5661860412,96.5551111322674,1.70694045134918,
202231 HILLSBORO FARMS,,2022,F10 SW05,Canola,,2022-10-11,,154,134581.0279,,17.5,F10 SW05,2022,Canola,29.910431342,37.527898776116,1.25467594723115,
202231 HILLSBORO FARMS,,2022,F12 W21,Spring Wheat,,2022-09-21,,263,770452.96064,,48.8,F12 W21,2022,Spring Barley/Wheat - Sft Rd Wtr,111.130726314,405.365760904823,3.64764790396007,
202231 HILLSBORO FARMS,,2022,F12 W21,Barley,,2022-09-22,,26,60770.3503,,48.7,,,,,,,
202231 HILLSBORO FARMS,,2022,F13 SW31,Barley,,2022-09-24,,119,144116.0094,,25.2,F13 SW31,2022,Spring Barley/Canola,32.269943965,44.2655238445012,1.37172608333351,
202231 HILLSBORO FARMS,,2022,F14 SE31,Spring Wheat,,2022-09-13,,159,457022.13524,,47.9,F14 SE31,2022,Wheat - Sft Rd Wtr,60.749125306,213.677492990037,3.5173756315621,
202231 HILLSBORO FARMS,,2022,F15 NE24,Spring Wheat,,2022-09-12,,155,357626.84254,,38.4,F15 NE24,2022,Wheat - Sft Rd Wtr,56.4782784466,176.862713400249,3.13151743050157,
202231 HILLSBORO FARMS,,2022,F17 SE26,Barley,,2022-10-04,,14,33812.25694,,50.3,F17 SE26,2022,Spring Barley,6.1530563418,14.8585681198538,2.41482724916949,
202231 HILLSBORO FARMS,,2022,F18 Sec 04,Canola,,2022-09-22,,625,948334.92996,,30.3,F18 Sec 04,2022,Canola,248.8466646362,472.582694339385,1.89909193691736,
202231 HILLSBORO FARMS,,2022,F19a W11,CWRS,,2022-09-15,,49,176867.84412,,59.8,F19a W11,2022,Wheat - Sft Rd Wtr/Winter Wheat,35.7048992452,173.318383393693,4.85419051888217,
202231 HILLSBORO FARMS,,2022,F19a W11,Spring Wheat,,2022-09-15,,23,94126.2509,,67,,,,,,,
202231 HILLSBORO FARMS,,2022,F19a W11,Winter Wheat,,2022-09-15,,18,96754.15794,,88.1,,,,,,,
202231 HILLSBORO FARMS,,2022,F19b W11,Winter Wheat,,2022-09-15,,117,664216.73208,,62.5,F19b W11,2022,Wheat - Sft Rd Wtr,70.0656200082,330.140235862744,4.71187203972657,
202231 HILLSBORO FARMS,,2022,F19b W11,Spring Wheat,,2022-09-15,,8,33990.83116,,68.3,,,,,,,
202231 HILLSBORO FARMS,,2022,F19d E11,Peas,,2022-08-31,,271,499445.6379,,30.7,F19d E11,2022,Other,102.0402234466,211.254939707279,2.07031043809733,
202231 HILLSBORO FARMS,,2022,F2 N S11,Spring Wheat,,2022-09-16,,94,227532.21634,,40.3,F2 N S11,2022,Wheat - Sft Rd Wtr,41.5041960346,129.301348147011,3.11538014226848,
202231 HILLSBORO FARMS,,2022,F2 N S11,CWRS,,2022-09-16,,18,38774.85656,,35.9,,,,,,,
202231 HILLSBORO FARMS,,2022,F21 SE08,Barley,,2022-10-04,,29,70589.72778,,50.7,F21 SE08,2022,Spring Barley,11.422186034,31.013388669697,2.71518854424018,
202231 HILLSBORO FARMS,,2022,F22 N13,Spring Wheat,,2022-09-21,,42,90565.7896,,35.9,F22 N13,2022,Wheat - Sft Rd Wtr/Spring Barley/Canola,50.1924183354,113.483794465951,2.26097482905925,
202231 HILLSBORO FARMS,,2022,F22 N13,Barley,,2022-10-04,,50,125010.77248,,52.1,,,,,,,
202231 HILLSBORO FARMS,,2022,F3a,CWRS,,2022-08-29,,245,856783.67522,,58.3,,,,,,,
202231 HILLSBORO FARMS,,2022,F4 SE36,Canola,,2022-09-27,,211,232408.83578,,22,F4 SE36,2022,Canola,85.5910071758,120.338952992494,1.40597659687919,
202231 HILLSBORO FARMS,,2022,F4b SW36,Canola,,2022-09-28,,37,42674.82934,,23.1,F4b SW36,2022,Canola,15.0419535748,21.9194588012082,1.45722154321299,
202231 HILLSBORO FARMS,,2022,F6a NW31,Spring Wheat,,2022-09-12,,243,666073.02212,,45.7,F6a NW31,2022,Wheat - Sft Rd Wtr,45.5544114918,160.196232842835,3.51659098640033,
202231 HILLSBORO FARMS,,2022,F7 N32,Winter Wheat,,NA,,313,1406269.77788,,74.9,F7 N32,2022,Winter Wheat/Other,120.4293102108,656.867185453173,5.45437970460338,
202231 HILLSBORO FARMS,,2022,F9 SE06,Peas,,2022-09-05,,119,245241.9288,,34.3,F9 SE06,2022,Other/Canola,47.6084647218,112.937807297186,2.37222115766888,
202207 JVM VAN STAVEREN,,2022,13 Pak,Canola,L340PC,2022-09-21,,2025,5077239.86,,,13 Pak,2022,Canola,817.727034244,1979.82978874446,2.42113774625885,
202207 JVM VAN STAVEREN,,2022,Beitz,Durum,Alloy,2022-08-31,,315,1243405.68,,,Beitz,2022,Lentils,125.4940174247,462.938680040851,3.68893027365729,
202207 JVM VAN STAVEREN,,2022,Betty,Durum,Alloy,2022-09-10,,1320,4706863.7,,,Betty,2022,Lentils/Canola,523.7885169993,1824.8283485437,3.48390292898716,
202207 JVM VAN STAVEREN,,2022,Bolls,Durum,Alloy,2022-09-01,,660,2667590.2,,,Bolls,2022,Lentils,263.9951368029,1027.00114124903,3.89022750072776,
202207 JVM VAN STAVEREN,,2022,Drivers,Canola,,2022-09-26,,160,321874.52,,,Drivers,2022,Canola,63.2214057003,148.660698865377,2.35142982378627,
202207 JVM VAN STAVEREN,,2022,Elgins,Canola,L340PC,2022-09-22,,850,1216950.24,,,Elgins,2022,Canola,302.3893227865,691.357395567731,2.28631549949222,
202207 JVM VAN STAVEREN,,2022,Eliford East,Lentils,Proclaim,2022-08-19,,965,813504.78,,,,,,,,,
202207 JVM VAN STAVEREN,,2022,Fairgrounds,Durum,Alloy,2022-09-05,,310,1062626.84,,,Fairgrounds,2022,Lentils,124.2074918519,373.651129847189,3.00828174111039,
202207 JVM VAN STAVEREN,,2022,Eliford West,Lentils,Proclaim,2022-08-19,,625,498244.12,,,,,,,,,
202207 JVM VAN STAVEREN,,2022,Foss North,Canola,CS4000LL,2022-09-12,,470,859801.8,,,Foss North,2022,Canola,191.5798081798,362.73280976533,1.89337703806917,
202207 JVM VAN STAVEREN,,2022,Foss Pasture,Lentils,Proclaim,2022-08-25,,405,908303.44,,,Foss Pasture,2022,Lentils,160.808083049,297.554474726805,1.85037013740247,
202207 JVM VAN STAVEREN,,2022,Foss South,Lentils,Proclaim,2022-08-24,,871,1521187.8,,,Foss South,2022,Lentils,317.5113181366,494.666355924658,1.55794873337977,
202207 JVM VAN STAVEREN,,2022,Foss West,Lentils,Proclaim,2022-08-23,,305,546745.76,,,Foss West,2022,Lentils,116.264828209,177.48961532092,1.52659766547679,
202207 JVM VAN STAVEREN,,2022,Galls,Durum,Alloy,2022-09-05,,265,418877.8,,,Galls,2022,Lentils,100.2449086097,144.490428119857,1.44137423160736,
202207 JVM VAN STAVEREN,,2022,Griffin Half,Durum,Alloy,2022-08-31,,250,934758.88,,,Griffin Half,2022,Lentils,111.7093331611,344.13121446119,3.08059501138464,
202207 JVM VAN STAVEREN,,2022,Horner Home,Lentils,Proclaim,2022-08-21,,725,676818.34,,,Horner Home,2022,Canola/Lentils,283.4082842062,239.245886740779,0.844173935885056,
202207 JVM VAN STAVEREN,,2022,Ivans,Lentils,Proclaim,2022-08-14,,1135,1377887.5,,,,,,,,,
202207 JVM VAN STAVEREN,,2022,Kathryn,Lentils,Proclaim,2022-08-22,,780,1640237.28,,,Kathryn,2022,Lentils,303.2768633712,554.867816952569,1.82957516371247,
202207 JVM VAN STAVEREN,,2022,Louis,Canola,P501L,2022-09-07,,460,992079,,,Louis,2022,Canola,170.15959836514,344.196087136036,2.02278384788754,
202207 JVM VAN STAVEREN,,2022,Orm,Durum,Alloy,2022-09-10,,847,3474481.12,,,Orm,2022,Canola/Lentils,244.70246085194,693.1908325746,2.83279060685059,
202207 JVM VAN STAVEREN,,2022,Phillips,Durum,Alloy,2022-09-10,,1245,4274758.18,,,Phillips,2022,Lentils/Canola,486.9651443356,1425.42526160042,2.92716075920634,
202207 JVM VAN STAVEREN,,2022,Pollock,Durum,Alloy,2022-09-04,,1615,6038454.18,,,Pollock,2022,Lentils/Canola,660.9148220381,2286.45209398921,3.4595261261328,
202207 JVM VAN STAVEREN,,2022,Section 15 Shellingtons,Canola,CS4000LL,2022-09-08,,1380,3265042.22,,,Section 15 Shellingtons,2022,Canola,538.0748048514,1271.76481503871,2.36354648753706,
202207 JVM VAN STAVEREN,,2022,Section 3,Durum,Alloy,2022-09-04,,660,2317055.62,,,Section 3,2022,Lentils,269.4253179201,846.52923501292,3.14198101925954,
202207 JVM VAN STAVEREN,,2022,Stewart 8 Pack,Canola,L340PC,2022-09-19,,1255,3214335.96,,,Stewart,2022,Canola,515.3266929559,1286.66910201009,2.49680274590434,
202207 JVM VAN STAVEREN,,2022,Tapps,Durum,Alloy,2022-09-03,,315,1049399.12,,,Tapps,2022,Lentils,122.0375435844,400.111447480874,3.27859309298668,
202207 JVM VAN STAVEREN,,2022,Tordiff,Lentils,Proclaim,2022-08-22,,595,1117742.34,,,Tordiff,2022,Lentils,229.7737970977,374.548082011638,1.63007308380067,
202207 JVM VAN STAVEREN,,2022,Vince Sylvia,Canola,L340PC,2022-09-07,,155,291009.84,,,Vince Sylvia,2022,Canola,63.3717962902,122.195999409504,1.92823947817304,
202207 JVM VAN STAVEREN,,2022,Warren Creelman,Canola,L340PC,2022-09-19,,420,950191.22,,,Warren Creelman,2022,Canola,172.8935081507,379.215594305575,2.19334779172297,
202207 JVM VAN STAVEREN,,2022,Warren Kent,Lentils,,2022-08-20,,333,372580.78,,,Warren Kent,2022,Lentils/Canola,131.70788924884,131.485372917847,0.998310531493121,
202207 JVM VAN STAVEREN,,2022,Warren Yard,Canola,L340PC,2022-09-22,,501,1230177.96,,,Warren Yard,2022,Canola,209.6690386154,494.798674171053,2.35990338601529,
202207 JVM VAN STAVEREN,,2022,Willems,Durum,Alloy,2022-09-02,,880,2868210.62,,,Willems,2022,Lentils/Spring Oats,336.6882815284,939.256465457741,2.78969158413823,
202207 JVM VAN STAVEREN,,2022,Winston Sylvia,Canola,L340PC,2022-09-12,,290,562178.1,,,Winston Sylvia,2022,Canola,122.8909915407,268.736415480831,2.18678694110649,
202207 JVM VAN STAVEREN,,2022,Zyla,Durum,Alloy,2022-09-02,,625,1995181.1,,,Zyla,2022,Lentils/Canola,254.9831675333,754.597562185146,2.95940147534091,
202215 ARM RIVER COLONY,Algin Fair Sidlets,2022,Algin Fair NW,Canola,,,,,565889,11317.8,56.8,Algin Fair NW,2022,Canola,28.5402670676,100.342867368072,3.51583491249055,
202215 ARM RIVER COLONY,Algin Fair Sidlets,2022,Algin Fair Quarter,Canola,,,,,363315,7266.3,46,Algin Fair Quarter,2022,Canola,20.5866378946,64.2018810221272,3.11861904555905,
202215 ARM RIVER COLONY,Algin Fair Sidlets,2022,Algin House N 3in1,Canola,,,,,558528,11170.6,46.5,Algin House N 3in1,2022,Canola,29.7278324072,92.7371756009872,3.1195404471712,
202215 ARM RIVER COLONY,Algin Fair Sidlets,2022,Algin House SE,Canola,,,,,796100,15922,51.6,Algin House SE,2022,Canola,48.7927628361,155.491528097948,3.18677441202213,
202215 ARM RIVER COLONY,Algin Fair Sidlets,2022,Algin House W,Canola,,,,,606443,12128.9,53.7,Algin House W,2022,Canola,36.6897006833,127.681638063479,3.48004032972653,
202215 ARM RIVER COLONY,Algin Fair Sidlets,2022,Morley Mack,Canola,,,,,770137,15402.7,51.8,Morley Mack,2022,Canola,43.9948569138,149.585002002133,3.40005656332097,
202215 ARM RIVER COLONY,Algin Fair Sidlets,2022,Sidlets Gravel NW,Barley,,,,,1012706,21098,103.7,Sidlets Gravel NW,2022,Spring Barley,67.0626181282,382.830210131906,5.70854852997343,
202215 ARM RIVER COLONY,Algin Fair Sidlets,2022,Sidlets Gravel S,Barley,,,,,705973,14707.8,96.7,Sidlets Gravel S,2022,Spring Barley,48.5706891814,279.957156197972,5.76391154657902,
202215 ARM RIVER COLONY,Algin Fair Sidlets,2022,Sidlets Middle,Barley,,,,,361521,7531.7,90.7,Sidlets Middle,2022,Other/Spring Barley,34.0442445509,157.723039575334,4.63288410878145,
202215 ARM RIVER COLONY,Algin Fair Sidlets,2022,Sidlets N Field,Barley,,,,,344256,7172,101.6,Sidlets N Field,2022,Spring Barley,28.3824907254,157.731841511772,5.55736432851594,
202215 ARM RIVER COLONY,Algin Fair Sidlets,2022,Sidlets NE,Barley,,,,,1325754,27619.9,106.5,Sidlets NE,2022,Spring Barley,107.3259198858,621.845981993377,5.79399629330036,
202215 ARM RIVER COLONY,Bethune,2022,Berry N,Peas,,,,,1097030,18283.8,63.7,Berry N,2022,Other,115.9054839106,524.070211472531,4.52153076619529,
202215 ARM RIVER COLONY,Bethune,2022,GA House N,Peas,,,,,2154588,35909.8,57.2,GA House N,2022,Other,248.1176934619,1047.78469246416,4.22293419644839,
202215 ARM RIVER COLONY,Bethune,2022,GA House SE,Peas,,,,,1052324,17538.7,55.2,GA House SE,2022,Field Peas,108.411371307,475.855922600674,4.38935433491697,
202215 ARM RIVER COLONY,Bethune,2022,GA Section Ian W,Peas,,,,,2423542,40392.4,54,GA Section Ian W,2022,Other/Field Peas,245.0895157187,918.154611655026,3.74620109294611,
202215 ARM RIVER COLONY,Bethune,2022,Jimmy NW,Peas,,,,,1235565,20592.8,63.1,Jimmy NW,2022,Other/Field Peas,113.491963297,482.688515421465,4.25306340113533,
202215 ARM RIVER COLONY,Bethune,2022,Lou Jurdisey,Peas,,,,,1179956,19665.9,61,Lou Jurdisey,2022,Other/Field Peas,107.3685752345,467.31440950457,4.35243187761339,
202215 ARM RIVER COLONY,Bethune,2022,Mackzine Yard,Barley,,,,,1382572,28803.6,90.1,Mackzine Yard,2022,Spring Barley/Other,123.9291320271,644.815927198848,5.20310210078647,
202215 ARM RIVER COLONY,Bethune,2022,Riche Bethune E,Peas,,,,,563813,9396.9,58.2,Riche Bethune E,2022,Other,63.6777675768,262.800654560082,4.12703938220079,
202215 ARM RIVER COLONY,Black,2022,Black NE Chicken SW,Peas,,,,,2042226,34037.1,61.6,Black NE Chicken S,2022,Field Peas,183.916900378,788.993241315009,4.28994420683151,
202215 ARM RIVER COLONY,Black,2022,Black SE,Peas,,,,,399644,6660.7,58.2,Black SE,2022,Field Peas,36.89059173,186.375425368519,5.05211265605576,
202215 ARM RIVER COLONY,Black,2022,Chicken Barns SE,Peas,,,,,815382,13589.7,61.4,Chicken Barns SE,2022,Other/Field Peas,87.2003585535,376.355032101448,4.31598032788527,
202215 ARM RIVER COLONY,Black,2022,Gophers,Peas,,,,,568673,9477.9,60.5,Gophers,2022,Other,61.632158134,260.094902445632,4.22011674295319,
202215 ARM RIVER COLONY,Black,2022,Gophers S Dave Core,Canola,,,,,1314127,26282.5,57,Gophers S Dave Cor,2022,Canola,184.5684671202,680.887542510984,3.68907838448676,
202215 ARM RIVER COLONY,Black,2022,HY 54-1,Peas,,,,,1029527,17158.8,54.4,HY 54-1,2022,Other,119.8996323058,443.894273496622,3.7022154693893,
202215 ARM RIVER COLONY,Black,2022,Long Field,Peas,,,,,1462002,24366.7,60.9,Long Field,2022,Field Peas,125.0573190824,579.953455845033,4.63750110829501,
202215 ARM RIVER COLONY,Black,2022,Schandre N Side,Canola,,,,,339316,6786.3,52.3,Schandre N Side,2022,Canola,51.1979891754,177.678075268667,3.47041120423611,
202215 ARM RIVER COLONY,Black,2022,Schandre S Side,Canola,,,,,51693,1033.9,49,Schandre S Side,2022,Canola,5.9927954152,18.5384204182616,3.09345124167615,
202215 ARM RIVER COLONY,Black,2022,Tee Slews,Canola,,,,,1958933,39178.7,52.5,Tee Slews,2022,Canola,108.8427089338,378.395829505815,3.47653814584826,
202215 ARM RIVER COLONY,Black,2022,Triangle,SpringWheat,,,,,730590,12176.5,58.9,Triangle,2022,Spring Wheat,71.7234033038,297.848046040645,4.15273163738543,
202215 ARM RIVER COLONY,Black,2022,Walter + Black W,SpringWheat,,,,,1803880,30064.7,61.6,Walter + Black W,2022,Spring Wheat,195.7196886011,875.344984131775,4.4724421461544,
202215 ARM RIVER COLONY,Craven,2022,Craven N,DurumWheat,,,,,2904252,48404.2,60.9,Craven N,2022,Wheat/Wheat - Durum,258.3125581967,1136.11957060587,4.39823591441783,
202215 ARM RIVER COLONY,Craven,2022,Craven S N Side,SpringWheat,,,,,860816,14346.9,60.2,Craven S N Side,2022,Spring Wheat,65.649278351,290.631851370381,4.42703802190316,
202215 ARM RIVER COLONY,Craven,2022,Craven S Quarter,SpringWheat,,,,,594967,9916.1,60.8,Craven S Quarter,2022,Wheat/Spring Wheat,65.9001002048,273.022243069878,4.14297159217357,
202215 ARM RIVER COLONY,Craven,2022,Devin Pinkney N Side,SpringWheat,,,,,894839,14914,64.6,Devin Pinkney N Si,2022,Spring Wheat,94.0069199848,419.10427977696,4.45822796709779,
202215 ARM RIVER COLONY,Craven,2022,Devin Pinkney S Side,SpringWheat,,,,,1003915,16731.9,43.8,Devin Pinkney S Si,2022,Spring Wheat,149.4905038862,666.825050660216,4.46065156866311,
202215 ARM RIVER COLONY,Craven,2022,Grant Yard,DurumWheat,,,,,1069742,17829,59.6,Grant Yard,2022,Wheat/Wheat - Durum,103.6939574735,465.807950297185,4.4921416989628,
202215 ARM RIVER COLONY,Craven,2022,Green,DurumWheat,,,,,1065245,17754.1,59.5,Green,2022,Wheat - Durum,96.3335207799,418.885375557705,4.34828263481371,
202215 ARM RIVER COLONY,Craven,2022,Gtab Quarter,DurumWheat,,,,,489378,8156.3,53,Gtab Quarter,2022,Wheat - Durum,36.867697535,150.999935128968,4.09572458344104,
202215 ARM RIVER COLONY,Craven,2022,Swift Quarter,DurumWheat,,,,,512334,8538.9,56.1,Swift Quarter,2022,Wheat - Durum,47.976874448,200.288675292993,4.17469202813695,
202215 ARM RIVER COLONY,Craven,2022,Swift West,DurumWheat,,,,,882457,14707.6,52.7,Swift West,2022,Wheat - Durum,81.4964588107,322.256495090937,3.95423923681733,
202215 ARM RIVER COLONY,Craven,2022,Swift Wolf,DurumWheat,,,,,1014390,16906.5,54.1,Swift Wolf,2022,Wheat,121.0303764867,474.634935585446,3.92161826942349,
202215 ARM RIVER COLONY,Craven,2022,Tars,DurumWheat,,,,,1957442,32624,61,Tars,2022,Spring Barley/Wheat - Durum,174.055175929,799.065159394746,4.59087272257102,
202215 ARM RIVER COLONY,Craven,2022,Wally,DurumWheat,,,,,1617685,26961.4,58.2,Wally,2022,Wheat/Wheat - Durum,142.2254314212,600.068762211209,4.21913828079106,
202215 ARM RIVER COLONY,Craven,2022,Yard S Quarter,DurumWheat,,,,,519067,8651.1,62.3,Yard S Quarter,2022,Wheat - Durum,45.262221828,201.214458176652,4.44552763983357,
202215 ARM RIVER COLONY,Disley,2022,Disley N Irr,Canola,,,,,583356,11667.1,56.9,Disley N Irr,2022,Canola,38.043710149,132.001709605875,3.46973807467474,
202215 ARM RIVER COLONY,Disley,2022,Disley W Sec,Canola,,,,,1740982,34819.6,58.8,Disley W Sec,2022,Canola,123.5055098085,419.892057946088,3.39978401447147,
202215 ARM RIVER COLONY,Disley,2022,Hy 11,Canola,,,,,761517,15230.3,51.9,Hy 11,2022,Canola,31.937832681,105.561382668439,3.30521434321491,
202215 ARM RIVER COLONY,Disley,2022,Little Field,Canola,,,,,50209,1004.2,55.2,Little Field,2022,Canola,2.395542506,6.320622990883,2.63849335799805,
202215 ARM RIVER COLONY,Disley,2022,Valley Irr,Canola,,,,,311489,6229.8,51.7,Valley Irr,2022,Canola,26.8493284174,110.511501345288,4.11598754454022,
202215 ARM RIVER COLONY,Disley,2022,Valley Pump Site,Canola,,,,,143401,2868,42.7,Valley Pump Site,2022,Canola,8.044438702,22.798965508557,2.83412756975682,
202215 ARM RIVER COLONY,Disley,2022,Wagner Hay,Canola,,,,,340352,6807,43.4,Wagner Hay,2022,Canola,25.6779325755,73.7130939024237,2.87067869212942,
202215 ARM RIVER COLONY,Disley,2022,Wagner Quarter,Canola,,,,,380848,7617,48.8,Wagner Quarter,2022,Canola,14.0412194345,44.1477710677748,3.14415505531531,
202215 ARM RIVER COLONY,Home,2022,Buffalo Jump E+W,Canola,,,,,706319,14126.4,56.8,Buffalo Jump E+W,2022,Canola,41.8199543018,152.628157279345,3.64964906890812,
202215 ARM RIVER COLONY,Home,2022,Junk Pile,Peas,,,,,2153980,35899.7,52.7,Junk Pile,2022,Other,261.8537267782,949.410705999748,3.62572921027752,
202215 ARM RIVER COLONY,Home,2022,Mill E Ranch S,SpringWheat,,,,,2197723,36628.7,59,Mill E Ranch S,2022,Spring Wheat/Field Peas,215.4266990309,1061.64712654217,4.92811304874467,
202215 ARM RIVER COLONY,Home,2022,Mill S,Barley,,,,,36511,760.6,2.9,Mill S,2022,Spring Barley/Field Peas,6.2027774158,17.5520524648806,2.8297085786395,
202215 ARM RIVER COLONY,Home,2022,Tree House,Canola,,,,,50039,1000.8,6.6,NA,,,,,,
202215 ARM RIVER COLONY,Home,2022,Treehouse,Barley,,,,,331251,6901.1,60,Tree House,2022,Spring Barley/Canola,19.268733204,55.2771594876313,2.86874901958559,
202215 ARM RIVER COLONY,Huber,2022,Archibald,Canola,,,,,539667,10793.3,75,Archibald,2022,Canola,34.1146423896,143.64494008068,4.2106535498807,
202215 ARM RIVER COLONY,Huber,2022,Bernard NW,Canola,,,,,525018,10500.4,69.6,Bernard NW,2022,Canola,45.7259168675,191.682463765471,4.19198732134578,
202215 ARM RIVER COLONY,Huber,2022,Bernard Yard,Canola,,,,,1089143,21782.9,69,Bernard Yard,2022,Canola,92.7775182905,402.354700845712,4.3367693839997,
202215 ARM RIVER COLONY,Huber,2022,Bernard Yard SW,Canola,,,,,177333,3546.7,65.1,Bernard Yard SW,2022,Canola/Spring Wheat,22.0940666137,79.5456052050542,3.60031526091851,
202215 ARM RIVER COLONY,Huber,2022,Erwin Bateman,Barley,,,,,1882332,39215.3,104.8,Erwin Bateman,2022,Spring Barley,128.156098664,743.282768657312,5.79982362451632,
202215 ARM RIVER COLONY,Huber,2022,Graff +Bins E,Canola,,,,,357109,7142.2,61,Graff +Bins E,2022,Canola,35.633567288,126.55458826706,3.55155539843126,
202215 ARM RIVER COLONY,Huber,2022,Holt HY 6,Canola,,,,,975717,19514.3,69.6,Holt HY 6,2022,Spring Wheat/Canola,82.6941677613,348.917715602457,4.21937513912253,
202215 ARM RIVER COLONY,Huber,2022,Holt Quarter Otto E,SpringWheat,,,,,689691,11494.8,70.9,Holt Quarter Otto ,2022,Spring Wheat,50.9371292237,242.867297822339,4.76798165746133,
202215 ARM RIVER COLONY,Huber,2022,Holt Yard,SpringWheat,,,,,410946,6849.1,49.6,Holt Yard,2022,Spring Wheat,53.8338276313,183.448667495257,3.40768389629788,
202215 ARM RIVER COLONY,Huber,2022,Holt Yard North,SpringWheat,,,,,392551,6542.5,55.9,Holt Yard North,2022,Spring Wheat,44.575814878,178.335451257808,4.00072217963702,
202215 ARM RIVER COLONY,Huber,2022,Huber 640,Canola,,,,,1641528,32830.6,51.1,Huber 640,2022,Canola/Spring Wheat,240.4250074926,770.398540027547,3.20431950096231,
202215 ARM RIVER COLONY,Huber,2022,Kathleen Burns N,Canola,,,,,392780,7855.6,62.7,Kathleen Burns N,2022,Canola,38.0798527835,142.443588860675,3.74065492507355,
202215 ARM RIVER COLONY,Huber,2022,Kathleen Burns S,Canola,,,,,119708,2394.2,59.7,Kathleen Burns S,2022,Canola,6.9848576849,25.1702701323925,3.60354802744315,
202215 ARM RIVER COLONY,Huber,2022,Kathleen Burns Small,Canola,,,,,64557,1291.1,60,Kathleen Burns Sma,2022,Canola,7.53722557,25.665878315895,3.4052156297473,
202215 ARM RIVER COLONY,Huber,2022,Lisa 85,Barley,,,,,393382,8195.5,98.1,Lisa 85,2022,Spring Barley,28.613704422,144.711075271039,5.05740442190966,
202215 ARM RIVER COLONY,Huber,2022,Lumsden S,SpringWheat,,,,,3266728,54445.5,67.6,Lumsden S,2022,Spring Wheat/Canola,204.6445969606,931.338254370945,4.55100338930646,
202215 ARM RIVER COLONY,Huber,2022,Mobile Grain-1,SpringWheat,,,,,502373,8372.9,65,Mobile Grain-1,2022,Spring Wheat,39.9402988897,175.022490186883,4.38210266453511,
202215 ARM RIVER COLONY,Huber,2022,OT N Side,Canola,,,,,488938,9778.8,65.7,OT N Side,2022,Canola,46.4278555769,177.777356723535,3.82910979873013,
202215 ARM RIVER COLONY,Huber,2022,OT S Side,Canola,,,,,547141,10942.8,70.9,OT S Side,2022,Canola,32.1536262082,132.218580728782,4.11208925154025,
202215 ARM RIVER COLONY,Huber,2022,Otto 440,SpringWheat,,,,,1965108,32751.8,74.2,Otto 440,2022,Spring Wheat,159.3692548873,855.654522852028,5.36900623308501,
202215 ARM RIVER COLONY,Huber,2022,Otto House E,SpringWheat,,,,,2026293,33771.5,69.4,Otto House E,2022,Spring Wheat,143.1099486552,707.963551145426,4.94699046291428,
202215 ARM RIVER COLONY,Huber,2022,Otto House W,SpringWheat,,,,,671260,11187.7,63.7,Otto House W,2022,Spring Wheat,51.9551121479,226.578424031552,4.36104195842277,
202215 ARM RIVER COLONY,Huber,2022,Otto N,SpringWheat,,,,,335724,5595.4,73.9,Otto N,2022,Spring Wheat,24.107263961,120.543931010651,5.0003157225002,
202215 ARM RIVER COLONY,Huber,2022,Otto S,SpringWheat,,,,,44546,742.4,29.4,Otto S,2022,Spring Wheat,7.4888903738,33.9297689693806,4.53068041803422,
202215 ARM RIVER COLONY,Huber,2022,Paul Schro,SpringWheat,,,,,336182,5603,57.6,Paul Schro,2022,Spring Wheat,39.8855146548,141.951991947606,3.55898609247413,
202215 ARM RIVER COLONY,Huber,2022,Penny Burns,Canola,,,,,825768,16515.4,55.1,Penny Burns,2022,Canola,69.3898398166,245.137275281925,3.53275459245664,
202215 ARM RIVER COLONY,Huber,2022,Ron Burns,Canola,,,,,824409,16488.2,56.2,Ron Burns,2022,Canola,88.9099448867,306.170739540957,3.44360509874478,
202215 ARM RIVER COLONY,Huber,2022,Ron Lisa Huber,SpringWheat,,,,,3249798,54163.3,56.2,Ron Lisa Huber,2022,Spring Wheat/Spring Barley,357.9808679657,1281.70365001204,3.58036913339975,
202215 ARM RIVER COLONY,Huber,2022,Scott Will 100,Barley,,,,,455471,9489,96.1,Scott Will 100,2022,Spring Barley,28.642824965,152.913972169905,5.33864841742245,
202215 ARM RIVER COLONY,Huber,2022,Scott Will 160,Barley,,,,,881053,18355.3,114,Scott Will 160,2022,Spring Barley,62.6939020317,409.648965542747,6.53411180780573,
202215 ARM RIVER COLONY,Huber,2022,Small,Barley,,,,,2374243,49463.4,109.7,Small,2022,Spring Barley,179.5500359456,1067.31585536611,5.94439232353861,
202215 ARM RIVER COLONY,Pete,2022,Colony W Quarter,Barley,,,,,617167,12857.6,79.8,Colony W Quarter,2022,Spring Barley,59.9460120947,274.150393962669,4.57328827027858,
202215 ARM RIVER COLONY,Pete,2022,new break,Barley,,,,,533953,11124,71.5,new break,2022,Spring Barley,62.5686007465,253.225829185211,4.04717104368642,
202215 ARM RIVER COLONY,Pete,2022,Otto Home,Barley,,,,,1057813,22037.8,70.1,Otto Home,2022,Spring Barley,114.763678183,490.438336068641,4.27346303145319,
202215 ARM RIVER COLONY,Pete,2022,Pete All N&S,Barley,,,,,4233413,88196.1,91.1,Pete All N&S,2022,Spring Barley,316.3429113484,1601.36277317148,5.06211050010802,
202215 ARM RIVER COLONY,Pete,2022,Pete East,Canola,,,,,3435862,68717.2,51.8,Pete East,2022,Canola,316.5864016818,1076.81757726212,3.40133869156018,
202215 ARM RIVER COLONY,Pete,2022,Sams correl,Canola,,,,,139673,2793.5,126.6,NA,,,,,,
202215 ARM RIVER COLONY,Rod Koch,2022,Avonhurst N Half Section,SpringWheat,,,,,1179836,19663.9,64.3,Avonhurst N Half S,2022,Spring Wheat,95.2491678032,434.505794204532,4.56178047772858,
202215 ARM RIVER COLONY,Rod Koch,2022,Avonhurst N quarter,SpringWheat,,,,,606586,10109.8,66.5,Avonhurst N quarte,2022,Spring Wheat,56.7393630938,263.794888456351,4.64923950627102,
202215 ARM RIVER COLONY,Rod Koch,2022,Avonhurst NE Quarter,SpringWheat,,,,,663484,11058.1,62.6,Avonhurst NE Quart,2022,Spring Wheat,52.4098360082,223.650937647022,4.26734664103948,
202215 ARM RIVER COLONY,Rod Koch,2022,Avonhurst Town,SpringWheat,,,,,2377981,39633,59,Avonhurst Town,2022,Spring Wheat,176.6447117076,703.681735071929,3.98359921601691,
202215 ARM RIVER COLONY,Rod Koch,2022,Edenwold Town,SpringWheat,,,,,837864,13964.4,51.3,Edenwold Town,2022,Spring Wheat,61.9173829838,256.817122050792,4.14773864260357,
202215 ARM RIVER COLONY,Rod Koch,2022,North Edenwold Section,SpringWheat,,,,,1416630,23610.5,36.9,Sec North Edenwold,2022,Spring Wheat,147.0281350146,392.927437816913,2.67246427207891,
202215 ARM RIVER COLONY,Rod Koch,2022,Rod East,SpringWheat,,,,,3142276,52371.3,67.8,Rod East,2022,Spring Wheat,258.7470807967,1253.30245614445,4.84373563668988,
202215 ARM RIVER COLONY,Rod Koch,2022,Rod East East,SpringWheat,,,,,3000648,50010.8,68.3,Rod East East,2022,Spring Wheat,173.0009447641,808.023903486094,4.67063289502781,
202215 ARM RIVER COLONY,Rod Koch,2022,Rod Yard NE,SpringWheat,,,,,872935,14548.9,49.8,Rod Yard NE,2022,Spring Wheat,71.5924353596,242.311656736351,3.38459860345928,
202215 ARM RIVER COLONY,Rod Koch,2022,Yard South,SpringWheat,,,,,2285254,38087.6,63.4,Yard South,2022,Spring Wheat,187.5702394474,826.613502967648,4.40695445824951,
202215 ARM RIVER COLONY,Young,2022,KS Road E,SpringWheat,,,,,439923,7332,58.2,KS Road E,2022,Spring Wheat/Spring Barley,33.3171464396,148.380864236295,4.45358862006059,
202215 ARM RIVER COLONY,Young,2022,KS Road W,SpringWheat,,,,,640866,10681.1,67,KS Road W,2022,Spring Wheat,57.3380732469,292.480198965281,5.10097710653531,
202215 ARM RIVER COLONY,Young,2022,Mike McEwen N,SpringWheat,,,,,369630,6160.5,65.3,Mike McEwen N,2022,Spring Wheat,39.386145872,174.963740595696,4.44226609946316,
202215 ARM RIVER COLONY,Young,2022,Mike McEwen S,SpringWheat,,,,,168952,2815.9,70.6,Mike McEwen S,2022,Spring Wheat,16.2384777075,81.9169551967855,5.0446203561896,
202215 ARM RIVER COLONY,Young,2022,Sec 27 Disley W,SpringWheat,,,,,457539,7625.7,53.6,Sec 27 Disley W,2022,Spring Wheat,46.8251455135,180.02449489056,3.8446115418618,
202215 ARM RIVER COLONY,Young,2022,Valley & 40,SpringWheat,,,,,439749,7329.1,40.6,Valley & 40,2022,Spring Wheat,71.0706255381,194.766227628131,2.74046029781628,
202215 ARM RIVER COLONY,Young,2022,Young House SW,SpringWheat,,,,,643084,10718.1,59.3,Young House SW,2022,Spring Wheat,72.6239644471,302.185042111873,4.16095491911609,
